task,subject,family,true,pred,correct
S01_angle,S07_KDM,SNN,FACE_R1,FACE_R2,0
S01_angle,S07_KDM,SNN,FACE_R1,FACE_R2,0
S01_angle,S07_KDM,SNN,FACE_R1,FACE_R2,0
S01_angle,S07_KDM,SNN,FACE_R1,FACE_R2,0
S01_angle,S07_KDM,SNN,FACE_R1,FACE_R2,0
S01_angle,S07_KDM,SNN,FACE_R1,FACE_R2,0
S01_angle,S07_KDM,SNN,FACE_R1,FACE_R2,0
S01_angle,S07_KDM,SNN,FACE_R1,FACE_R2,0
S01_angle,S07_KDM,SNN,FACE_R1,FACE_R2,0
S01_angle,S07_KDM,SNN,FACE_R1,FACE_R2,0
S01_angle,S07_KDM,SNN,FACE_R1,FACE_R2,0
S01_angle,S07_KDM,SNN,FACE_R2,FACE_R1,0
S01_angle,S07_KDM,SNN,FACE_R2,FACE_R3,0
S01_angle,S07_KDM,SNN,FACE_R2,FACE_R2,1
S01_angle,S07_KDM,SNN,FACE_R2,FACE_R2,1
S01_angle,S07_KDM,SNN,FACE_R2,FACE_R2,1
S01_angle,S07_KDM,SNN,FACE_R2,FACE_R2,1
S01_angle,S07_KDM,SNN,FACE_R2,FACE_R2,1
S01_angle,S07_KDM,SNN,FACE_R2,FACE_R2,1
S01_angle,S07_KDM,SNN,FACE_R2,FACE_R3,0
S01_angle,S07_KDM,SNN,FACE_R2,FACE_R2,1
S01_angle,S07_KDM,SNN,FACE_R2,FACE_R2,1
S01_angle,S07_KDM,SNN,FACE_R2,FACE_R2,1
S01_angle,S07_KDM,SNN,FACE_R3,FACE_R3,1
S01_angle,S07_KDM,SNN,FACE_R3,FACE_R3,1
S01_angle,S07_KDM,SNN,FACE_R3,FACE_R2,0
S01_angle,S07_KDM,SNN,FACE_R3,FACE_R2,0
S01_angle,S07_KDM,SNN,FACE_R3,FACE_R3,1
S01_angle,S07_KDM,SNN,FACE_R3,FACE_R3,1
S01_angle,S07_KDM,SNN,FACE_R3,FACE_R3,1
S01_angle,S07_KDM,SNN,FACE_R3,FACE_R3,1
S01_angle,S07_KDM,SNN,FACE_R3,FACE_R3,1
S01_angle,S07_KDM,SNN,FACE_R3,FACE_R2,0
S01_angle,S07_KDM,SNN,FACE_R3,FACE_R2,0
S01_angle,S07_KDM,ANN,FACE_R1,FACE_R2,0
S01_angle,S07_KDM,ANN,FACE_R1,FACE_R2,0
S01_angle,S07_KDM,ANN,FACE_R1,FACE_R2,0
S01_angle,S07_KDM,ANN,FACE_R1,FACE_R2,0
S01_angle,S07_KDM,ANN,FACE_R1,FACE_R2,0
S01_angle,S07_KDM,ANN,FACE_R1,FACE_R2,0
S01_angle,S07_KDM,ANN,FACE_R1,FACE_R2,0
S01_angle,S07_KDM,ANN,FACE_R1,FACE_R2,0
S01_angle,S07_KDM,ANN,FACE_R1,FACE_R2,0
S01_angle,S07_KDM,ANN,FACE_R1,FACE_R2,0
S01_angle,S07_KDM,ANN,FACE_R1,FACE_R2,0
S01_angle,S07_KDM,ANN,FACE_R2,FACE_R1,0
S01_angle,S07_KDM,ANN,FACE_R2,FACE_R3,0
S01_angle,S07_KDM,ANN,FACE_R2,FACE_R3,0
S01_angle,S07_KDM,ANN,FACE_R2,FACE_R3,0
S01_angle,S07_KDM,ANN,FACE_R2,FACE_R3,0
S01_angle,S07_KDM,ANN,FACE_R2,FACE_R3,0
S01_angle,S07_KDM,ANN,FACE_R2,FACE_R3,0
S01_angle,S07_KDM,ANN,FACE_R2,FACE_R3,0
S01_angle,S07_KDM,ANN,FACE_R2,FACE_R3,0
S01_angle,S07_KDM,ANN,FACE_R2,FACE_R2,1
S01_angle,S07_KDM,ANN,FACE_R2,FACE_R3,0
S01_angle,S07_KDM,ANN,FACE_R2,FACE_R3,0
S01_angle,S07_KDM,ANN,FACE_R3,FACE_R3,1
S01_angle,S07_KDM,ANN,FACE_R3,FACE_R3,1
S01_angle,S07_KDM,ANN,FACE_R3,FACE_R2,0
S01_angle,S07_KDM,ANN,FACE_R3,FACE_R2,0
S01_angle,S07_KDM,ANN,FACE_R3,FACE_R3,1
S01_angle,S07_KDM,ANN,FACE_R3,FACE_R3,1
S01_angle,S07_KDM,ANN,FACE_R3,FACE_R3,1
S01_angle,S07_KDM,ANN,FACE_R3,FACE_R3,1
S01_angle,S07_KDM,ANN,FACE_R3,FACE_R3,1
S01_angle,S07_KDM,ANN,FACE_R3,FACE_R3,1
S01_angle,S07_KDM,ANN,FACE_R3,FACE_R3,1
S01_angle,S08_MDO,SNN,FACE_R1,FACE_R1,1
S01_angle,S08_MDO,SNN,FACE_R1,FACE_R1,1
S01_angle,S08_MDO,SNN,FACE_R1,FACE_R3,0
S01_angle,S08_MDO,SNN,FACE_R1,FACE_R3,0
S01_angle,S08_MDO,SNN,FACE_R1,FACE_R3,0
S01_angle,S08_MDO,SNN,FACE_R1,FACE_R3,0
S01_angle,S08_MDO,SNN,FACE_R1,FACE_R3,0
S01_angle,S08_MDO,SNN,FACE_R1,FACE_R2,0
S01_angle,S08_MDO,SNN,FACE_R1,FACE_R1,1
S01_angle,S08_MDO,SNN,FACE_R1,FACE_R1,1
S01_angle,S08_MDO,SNN,FACE_R1,FACE_R1,1
S01_angle,S08_MDO,SNN,FACE_R2,FACE_R2,1
S01_angle,S08_MDO,SNN,FACE_R2,FACE_R2,1
S01_angle,S08_MDO,SNN,FACE_R2,FACE_R1,0
S01_angle,S08_MDO,SNN,FACE_R2,FACE_R1,0
S01_angle,S08_MDO,SNN,FACE_R2,FACE_R1,0
S01_angle,S08_MDO,SNN,FACE_R2,FACE_R1,0
S01_angle,S08_MDO,SNN,FACE_R2,FACE_R1,0
S01_angle,S08_MDO,SNN,FACE_R2,FACE_R1,0
S01_angle,S08_MDO,SNN,FACE_R2,FACE_R3,0
S01_angle,S08_MDO,SNN,FACE_R2,FACE_R2,1
S01_angle,S08_MDO,SNN,FACE_R2,FACE_R1,0
S01_angle,S08_MDO,SNN,FACE_R2,FACE_R1,0
S01_angle,S08_MDO,SNN,FACE_R3,FACE_R3,1
S01_angle,S08_MDO,SNN,FACE_R3,FACE_R3,1
S01_angle,S08_MDO,SNN,FACE_R3,FACE_R3,1
S01_angle,S08_MDO,SNN,FACE_R3,FACE_R3,1
S01_angle,S08_MDO,SNN,FACE_R3,FACE_R3,1
S01_angle,S08_MDO,SNN,FACE_R3,FACE_R3,1
S01_angle,S08_MDO,SNN,FACE_R3,FACE_R3,1
S01_angle,S08_MDO,SNN,FACE_R3,FACE_R3,1
S01_angle,S08_MDO,SNN,FACE_R3,FACE_R3,1
S01_angle,S08_MDO,SNN,FACE_R3,FACE_R3,1
S01_angle,S08_MDO,SNN,FACE_R3,FACE_R1,0
S01_angle,S08_MDO,ANN,FACE_R1,FACE_R1,1
S01_angle,S08_MDO,ANN,FACE_R1,FACE_R1,1
S01_angle,S08_MDO,ANN,FACE_R1,FACE_R1,1
S01_angle,S08_MDO,ANN,FACE_R1,FACE_R1,1
S01_angle,S08_MDO,ANN,FACE_R1,FACE_R2,0
S01_angle,S08_MDO,ANN,FACE_R1,FACE_R2,0
S01_angle,S08_MDO,ANN,FACE_R1,FACE_R1,1
S01_angle,S08_MDO,ANN,FACE_R1,FACE_R1,1
S01_angle,S08_MDO,ANN,FACE_R1,FACE_R1,1
S01_angle,S08_MDO,ANN,FACE_R1,FACE_R1,1
S01_angle,S08_MDO,ANN,FACE_R1,FACE_R1,1
S01_angle,S08_MDO,ANN,FACE_R2,FACE_R2,1
S01_angle,S08_MDO,ANN,FACE_R2,FACE_R3,0
S01_angle,S08_MDO,ANN,FACE_R2,FACE_R1,0
S01_angle,S08_MDO,ANN,FACE_R2,FACE_R1,0
S01_angle,S08_MDO,ANN,FACE_R2,FACE_R1,0
S01_angle,S08_MDO,ANN,FACE_R2,FACE_R1,0
S01_angle,S08_MDO,ANN,FACE_R2,FACE_R2,1
S01_angle,S08_MDO,ANN,FACE_R2,FACE_R2,1
S01_angle,S08_MDO,ANN,FACE_R2,FACE_R2,1
S01_angle,S08_MDO,ANN,FACE_R2,FACE_R2,1
S01_angle,S08_MDO,ANN,FACE_R2,FACE_R2,1
S01_angle,S08_MDO,ANN,FACE_R2,FACE_R2,1
S01_angle,S08_MDO,ANN,FACE_R3,FACE_R3,1
S01_angle,S08_MDO,ANN,FACE_R3,FACE_R3,1
S01_angle,S08_MDO,ANN,FACE_R3,FACE_R3,1
S01_angle,S08_MDO,ANN,FACE_R3,FACE_R2,0
S01_angle,S08_MDO,ANN,FACE_R3,FACE_R3,1
S01_angle,S08_MDO,ANN,FACE_R3,FACE_R2,0
S01_angle,S08_MDO,ANN,FACE_R3,FACE_R3,1
S01_angle,S08_MDO,ANN,FACE_R3,FACE_R3,1
S01_angle,S08_MDO,ANN,FACE_R3,FACE_R2,0
S01_angle,S08_MDO,ANN,FACE_R3,FACE_R3,1
S01_angle,S08_MDO,ANN,FACE_R3,FACE_R2,0
S01_angle,S09_HDH,SNN,FACE_R1,FACE_R2,0
S01_angle,S09_HDH,SNN,FACE_R1,FACE_R2,0
S01_angle,S09_HDH,SNN,FACE_R1,FACE_R2,0
S01_angle,S09_HDH,SNN,FACE_R1,FACE_R2,0
S01_angle,S09_HDH,SNN,FACE_R1,FACE_R2,0
S01_angle,S09_HDH,SNN,FACE_R1,FACE_R2,0
S01_angle,S09_HDH,SNN,FACE_R1,FACE_R2,0
S01_angle,S09_HDH,SNN,FACE_R1,FACE_R2,0
S01_angle,S09_HDH,SNN,FACE_R1,FACE_R2,0
S01_angle,S09_HDH,SNN,FACE_R1,FACE_R2,0
S01_angle,S09_HDH,SNN,FACE_R1,FACE_R2,0
S01_angle,S09_HDH,SNN,FACE_R1,FACE_R2,0
S01_angle,S09_HDH,SNN,FACE_R2,FACE_R2,1
S01_angle,S09_HDH,SNN,FACE_R2,FACE_R2,1
S01_angle,S09_HDH,SNN,FACE_R2,FACE_R2,1
S01_angle,S09_HDH,SNN,FACE_R2,FACE_R2,1
S01_angle,S09_HDH,SNN,FACE_R2,FACE_R2,1
S01_angle,S09_HDH,SNN,FACE_R2,FACE_R2,1
S01_angle,S09_HDH,SNN,FACE_R2,FACE_R2,1
S01_angle,S09_HDH,SNN,FACE_R2,FACE_R2,1
S01_angle,S09_HDH,SNN,FACE_R2,FACE_R2,1
S01_angle,S09_HDH,SNN,FACE_R2,FACE_R2,1
S01_angle,S09_HDH,SNN,FACE_R2,FACE_R2,1
S01_angle,S09_HDH,SNN,FACE_R2,FACE_R2,1
S01_angle,S09_HDH,SNN,FACE_R3,FACE_R2,0
S01_angle,S09_HDH,SNN,FACE_R3,FACE_R2,0
S01_angle,S09_HDH,SNN,FACE_R3,FACE_R2,0
S01_angle,S09_HDH,SNN,FACE_R3,FACE_R2,0
S01_angle,S09_HDH,SNN,FACE_R3,FACE_R3,1
S01_angle,S09_HDH,SNN,FACE_R3,FACE_R2,0
S01_angle,S09_HDH,SNN,FACE_R3,FACE_R2,0
S01_angle,S09_HDH,SNN,FACE_R3,FACE_R3,1
S01_angle,S09_HDH,SNN,FACE_R3,FACE_R3,1
S01_angle,S09_HDH,SNN,FACE_R3,FACE_R3,1
S01_angle,S09_HDH,ANN,FACE_R1,FACE_R1,1
S01_angle,S09_HDH,ANN,FACE_R1,FACE_R2,0
S01_angle,S09_HDH,ANN,FACE_R1,FACE_R2,0
S01_angle,S09_HDH,ANN,FACE_R1,FACE_R2,0
S01_angle,S09_HDH,ANN,FACE_R1,FACE_R2,0
S01_angle,S09_HDH,ANN,FACE_R1,FACE_R2,0
S01_angle,S09_HDH,ANN,FACE_R1,FACE_R2,0
S01_angle,S09_HDH,ANN,FACE_R1,FACE_R1,1
S01_angle,S09_HDH,ANN,FACE_R1,FACE_R2,0
S01_angle,S09_HDH,ANN,FACE_R1,FACE_R1,1
S01_angle,S09_HDH,ANN,FACE_R1,FACE_R2,0
S01_angle,S09_HDH,ANN,FACE_R1,FACE_R2,0
S01_angle,S09_HDH,ANN,FACE_R2,FACE_R2,1
S01_angle,S09_HDH,ANN,FACE_R2,FACE_R3,0
S01_angle,S09_HDH,ANN,FACE_R2,FACE_R2,1
S01_angle,S09_HDH,ANN,FACE_R2,FACE_R2,1
S01_angle,S09_HDH,ANN,FACE_R2,FACE_R1,0
S01_angle,S09_HDH,ANN,FACE_R2,FACE_R2,1
S01_angle,S09_HDH,ANN,FACE_R2,FACE_R2,1
S01_angle,S09_HDH,ANN,FACE_R2,FACE_R2,1
S01_angle,S09_HDH,ANN,FACE_R2,FACE_R2,1
S01_angle,S09_HDH,ANN,FACE_R2,FACE_R2,1
S01_angle,S09_HDH,ANN,FACE_R2,FACE_R2,1
S01_angle,S09_HDH,ANN,FACE_R2,FACE_R2,1
S01_angle,S09_HDH,ANN,FACE_R3,FACE_R3,1
S01_angle,S09_HDH,ANN,FACE_R3,FACE_R3,1
S01_angle,S09_HDH,ANN,FACE_R3,FACE_R3,1
S01_angle,S09_HDH,ANN,FACE_R3,FACE_R2,0
S01_angle,S09_HDH,ANN,FACE_R3,FACE_R3,1
S01_angle,S09_HDH,ANN,FACE_R3,FACE_R3,1
S01_angle,S09_HDH,ANN,FACE_R3,FACE_R3,1
S01_angle,S09_HDH,ANN,FACE_R3,FACE_R3,1
S01_angle,S09_HDH,ANN,FACE_R3,FACE_R3,1
S01_angle,S09_HDH,ANN,FACE_R3,FACE_R3,1
S01_angle,S17_RJS,SNN,FACE_R1,FACE_R3,0
S01_angle,S17_RJS,SNN,FACE_R1,FACE_R3,0
S01_angle,S17_RJS,SNN,FACE_R1,FACE_R1,1
S01_angle,S17_RJS,SNN,FACE_R1,FACE_R1,1
S01_angle,S17_RJS,SNN,FACE_R1,FACE_R1,1
S01_angle,S17_RJS,SNN,FACE_R1,FACE_R1,1
S01_angle,S17_RJS,SNN,FACE_R1,FACE_R1,1
S01_angle,S17_RJS,SNN,FACE_R1,FACE_R1,1
S01_angle,S17_RJS,SNN,FACE_R1,FACE_R3,0
S01_angle,S17_RJS,SNN,FACE_R1,FACE_R3,0
S01_angle,S17_RJS,SNN,FACE_R1,FACE_R1,1
S01_angle,S17_RJS,SNN,FACE_R1,FACE_R1,1
S01_angle,S17_RJS,SNN,FACE_R2,FACE_R1,0
S01_angle,S17_RJS,SNN,FACE_R2,FACE_R1,0
S01_angle,S17_RJS,SNN,FACE_R2,FACE_R1,0
S01_angle,S17_RJS,SNN,FACE_R2,FACE_R1,0
S01_angle,S17_RJS,SNN,FACE_R2,FACE_R1,0
S01_angle,S17_RJS,SNN,FACE_R2,FACE_R1,0
S01_angle,S17_RJS,SNN,FACE_R2,FACE_R1,0
S01_angle,S17_RJS,SNN,FACE_R2,FACE_R1,0
S01_angle,S17_RJS,SNN,FACE_R2,FACE_R1,0
S01_angle,S17_RJS,SNN,FACE_R2,FACE_R1,0
S01_angle,S17_RJS,SNN,FACE_R2,FACE_R1,0
S01_angle,S17_RJS,SNN,FACE_R2,FACE_R1,0
S01_angle,S17_RJS,SNN,FACE_R3,FACE_R3,1
S01_angle,S17_RJS,SNN,FACE_R3,FACE_R2,0
S01_angle,S17_RJS,SNN,FACE_R3,FACE_R1,0
S01_angle,S17_RJS,SNN,FACE_R3,FACE_R2,0
S01_angle,S17_RJS,SNN,FACE_R3,FACE_R3,1
S01_angle,S17_RJS,SNN,FACE_R3,FACE_R2,0
S01_angle,S17_RJS,SNN,FACE_R3,FACE_R2,0
S01_angle,S17_RJS,SNN,FACE_R3,FACE_R3,1
S01_angle,S17_RJS,SNN,FACE_R3,FACE_R2,0
S01_angle,S17_RJS,SNN,FACE_R3,FACE_R2,0
S01_angle,S17_RJS,ANN,FACE_R1,FACE_R2,0
S01_angle,S17_RJS,ANN,FACE_R1,FACE_R3,0
S01_angle,S17_RJS,ANN,FACE_R1,FACE_R3,0
S01_angle,S17_RJS,ANN,FACE_R1,FACE_R2,0
S01_angle,S17_RJS,ANN,FACE_R1,FACE_R2,0
S01_angle,S17_RJS,ANN,FACE_R1,FACE_R2,0
S01_angle,S17_RJS,ANN,FACE_R1,FACE_R3,0
S01_angle,S17_RJS,ANN,FACE_R1,FACE_R2,0
S01_angle,S17_RJS,ANN,FACE_R1,FACE_R2,0
S01_angle,S17_RJS,ANN,FACE_R1,FACE_R2,0
S01_angle,S17_RJS,ANN,FACE_R1,FACE_R2,0
S01_angle,S17_RJS,ANN,FACE_R1,FACE_R1,1
S01_angle,S17_RJS,ANN,FACE_R2,FACE_R1,0
S01_angle,S17_RJS,ANN,FACE_R2,FACE_R2,1
S01_angle,S17_RJS,ANN,FACE_R2,FACE_R2,1
S01_angle,S17_RJS,ANN,FACE_R2,FACE_R2,1
S01_angle,S17_RJS,ANN,FACE_R2,FACE_R1,0
S01_angle,S17_RJS,ANN,FACE_R2,FACE_R1,0
S01_angle,S17_RJS,ANN,FACE_R2,FACE_R1,0
S01_angle,S17_RJS,ANN,FACE_R2,FACE_R1,0
S01_angle,S17_RJS,ANN,FACE_R2,FACE_R2,1
S01_angle,S17_RJS,ANN,FACE_R2,FACE_R1,0
S01_angle,S17_RJS,ANN,FACE_R2,FACE_R1,0
S01_angle,S17_RJS,ANN,FACE_R2,FACE_R1,0
S01_angle,S17_RJS,ANN,FACE_R3,FACE_R3,1
S01_angle,S17_RJS,ANN,FACE_R3,FACE_R2,0
S01_angle,S17_RJS,ANN,FACE_R3,FACE_R1,0
S01_angle,S17_RJS,ANN,FACE_R3,FACE_R2,0
S01_angle,S17_RJS,ANN,FACE_R3,FACE_R3,1
S01_angle,S17_RJS,ANN,FACE_R3,FACE_R2,0
S01_angle,S17_RJS,ANN,FACE_R3,FACE_R3,1
S01_angle,S17_RJS,ANN,FACE_R3,FACE_R2,0
S01_angle,S17_RJS,ANN,FACE_R3,FACE_R2,0
S01_angle,S17_RJS,ANN,FACE_R3,FACE_R2,0
S01_angle,S18_LJH,SNN,FACE_R1,FACE_R1,1
S01_angle,S18_LJH,SNN,FACE_R1,FACE_R1,1
S01_angle,S18_LJH,SNN,FACE_R1,FACE_R1,1
S01_angle,S18_LJH,SNN,FACE_R1,FACE_R1,1
S01_angle,S18_LJH,SNN,FACE_R1,FACE_R1,1
S01_angle,S18_LJH,SNN,FACE_R1,FACE_R1,1
S01_angle,S18_LJH,SNN,FACE_R1,FACE_R1,1
S01_angle,S18_LJH,SNN,FACE_R1,FACE_R1,1
S01_angle,S18_LJH,SNN,FACE_R1,FACE_R1,1
S01_angle,S18_LJH,SNN,FACE_R1,FACE_R1,1
S01_angle,S18_LJH,SNN,FACE_R1,FACE_R1,1
S01_angle,S18_LJH,SNN,FACE_R2,FACE_R1,0
S01_angle,S18_LJH,SNN,FACE_R2,FACE_R3,0
S01_angle,S18_LJH,SNN,FACE_R2,FACE_R3,0
S01_angle,S18_LJH,SNN,FACE_R2,FACE_R3,0
S01_angle,S18_LJH,SNN,FACE_R2,FACE_R3,0
S01_angle,S18_LJH,SNN,FACE_R2,FACE_R3,0
S01_angle,S18_LJH,SNN,FACE_R2,FACE_R3,0
S01_angle,S18_LJH,SNN,FACE_R2,FACE_R3,0
S01_angle,S18_LJH,SNN,FACE_R2,FACE_R3,0
S01_angle,S18_LJH,SNN,FACE_R2,FACE_R1,0
S01_angle,S18_LJH,SNN,FACE_R2,FACE_R3,0
S01_angle,S18_LJH,SNN,FACE_R2,FACE_R3,0
S01_angle,S18_LJH,SNN,FACE_R3,FACE_R3,1
S01_angle,S18_LJH,SNN,FACE_R3,FACE_R3,1
S01_angle,S18_LJH,SNN,FACE_R3,FACE_R3,1
S01_angle,S18_LJH,SNN,FACE_R3,FACE_R3,1
S01_angle,S18_LJH,SNN,FACE_R3,FACE_R3,1
S01_angle,S18_LJH,SNN,FACE_R3,FACE_R3,1
S01_angle,S18_LJH,SNN,FACE_R3,FACE_R3,1
S01_angle,S18_LJH,SNN,FACE_R3,FACE_R3,1
S01_angle,S18_LJH,SNN,FACE_R3,FACE_R3,1
S01_angle,S18_LJH,SNN,FACE_R3,FACE_R3,1
S01_angle,S18_LJH,SNN,FACE_R3,FACE_R3,1
S01_angle,S18_LJH,ANN,FACE_R1,FACE_R1,1
S01_angle,S18_LJH,ANN,FACE_R1,FACE_R1,1
S01_angle,S18_LJH,ANN,FACE_R1,FACE_R1,1
S01_angle,S18_LJH,ANN,FACE_R1,FACE_R1,1
S01_angle,S18_LJH,ANN,FACE_R1,FACE_R1,1
S01_angle,S18_LJH,ANN,FACE_R1,FACE_R1,1
S01_angle,S18_LJH,ANN,FACE_R1,FACE_R1,1
S01_angle,S18_LJH,ANN,FACE_R1,FACE_R1,1
S01_angle,S18_LJH,ANN,FACE_R1,FACE_R1,1
S01_angle,S18_LJH,ANN,FACE_R1,FACE_R1,1
S01_angle,S18_LJH,ANN,FACE_R1,FACE_R1,1
S01_angle,S18_LJH,ANN,FACE_R2,FACE_R1,0
S01_angle,S18_LJH,ANN,FACE_R2,FACE_R3,0
S01_angle,S18_LJH,ANN,FACE_R2,FACE_R3,0
S01_angle,S18_LJH,ANN,FACE_R2,FACE_R3,0
S01_angle,S18_LJH,ANN,FACE_R2,FACE_R3,0
S01_angle,S18_LJH,ANN,FACE_R2,FACE_R1,0
S01_angle,S18_LJH,ANN,FACE_R2,FACE_R3,0
S01_angle,S18_LJH,ANN,FACE_R2,FACE_R3,0
S01_angle,S18_LJH,ANN,FACE_R2,FACE_R3,0
S01_angle,S18_LJH,ANN,FACE_R2,FACE_R3,0
S01_angle,S18_LJH,ANN,FACE_R2,FACE_R1,0
S01_angle,S18_LJH,ANN,FACE_R2,FACE_R1,0
S01_angle,S18_LJH,ANN,FACE_R3,FACE_R3,1
S01_angle,S18_LJH,ANN,FACE_R3,FACE_R3,1
S01_angle,S18_LJH,ANN,FACE_R3,FACE_R3,1
S01_angle,S18_LJH,ANN,FACE_R3,FACE_R3,1
S01_angle,S18_LJH,ANN,FACE_R3,FACE_R3,1
S01_angle,S18_LJH,ANN,FACE_R3,FACE_R3,1
S01_angle,S18_LJH,ANN,FACE_R3,FACE_R3,1
S01_angle,S18_LJH,ANN,FACE_R3,FACE_R3,1
S01_angle,S18_LJH,ANN,FACE_R3,FACE_R3,1
S01_angle,S18_LJH,ANN,FACE_R3,FACE_R3,1
S01_angle,S18_LJH,ANN,FACE_R3,FACE_R3,1
S01_angle,S19_CHW,SNN,FACE_R1,FACE_R1,1
S01_angle,S19_CHW,SNN,FACE_R1,FACE_R2,0
S01_angle,S19_CHW,SNN,FACE_R1,FACE_R2,0
S01_angle,S19_CHW,SNN,FACE_R1,FACE_R2,0
S01_angle,S19_CHW,SNN,FACE_R1,FACE_R2,0
S01_angle,S19_CHW,SNN,FACE_R1,FACE_R2,0
S01_angle,S19_CHW,SNN,FACE_R1,FACE_R2,0
S01_angle,S19_CHW,SNN,FACE_R1,FACE_R1,1
S01_angle,S19_CHW,SNN,FACE_R1,FACE_R1,1
S01_angle,S19_CHW,SNN,FACE_R1,FACE_R2,0
S01_angle,S19_CHW,SNN,FACE_R2,FACE_R2,1
S01_angle,S19_CHW,SNN,FACE_R2,FACE_R2,1
S01_angle,S19_CHW,SNN,FACE_R2,FACE_R2,1
S01_angle,S19_CHW,SNN,FACE_R2,FACE_R2,1
S01_angle,S19_CHW,SNN,FACE_R2,FACE_R2,1
S01_angle,S19_CHW,SNN,FACE_R2,FACE_R2,1
S01_angle,S19_CHW,SNN,FACE_R2,FACE_R2,1
S01_angle,S19_CHW,SNN,FACE_R2,FACE_R2,1
S01_angle,S19_CHW,SNN,FACE_R2,FACE_R2,1
S01_angle,S19_CHW,SNN,FACE_R2,FACE_R2,1
S01_angle,S19_CHW,SNN,FACE_R2,FACE_R2,1
S01_angle,S19_CHW,SNN,FACE_R2,FACE_R2,1
S01_angle,S19_CHW,SNN,FACE_R3,FACE_R1,0
S01_angle,S19_CHW,SNN,FACE_R3,FACE_R1,0
S01_angle,S19_CHW,SNN,FACE_R3,FACE_R2,0
S01_angle,S19_CHW,SNN,FACE_R3,FACE_R3,1
S01_angle,S19_CHW,SNN,FACE_R3,FACE_R2,0
S01_angle,S19_CHW,SNN,FACE_R3,FACE_R2,0
S01_angle,S19_CHW,SNN,FACE_R3,FACE_R2,0
S01_angle,S19_CHW,SNN,FACE_R3,FACE_R2,0
S01_angle,S19_CHW,SNN,FACE_R3,FACE_R2,0
S01_angle,S19_CHW,SNN,FACE_R3,FACE_R2,0
S01_angle,S19_CHW,SNN,FACE_R3,FACE_R2,0
S01_angle,S19_CHW,SNN,FACE_R3,FACE_R2,0
S01_angle,S19_CHW,ANN,FACE_R1,FACE_R1,1
S01_angle,S19_CHW,ANN,FACE_R1,FACE_R1,1
S01_angle,S19_CHW,ANN,FACE_R1,FACE_R1,1
S01_angle,S19_CHW,ANN,FACE_R1,FACE_R1,1
S01_angle,S19_CHW,ANN,FACE_R1,FACE_R3,0
S01_angle,S19_CHW,ANN,FACE_R1,FACE_R3,0
S01_angle,S19_CHW,ANN,FACE_R1,FACE_R3,0
S01_angle,S19_CHW,ANN,FACE_R1,FACE_R1,1
S01_angle,S19_CHW,ANN,FACE_R1,FACE_R3,0
S01_angle,S19_CHW,ANN,FACE_R1,FACE_R3,0
S01_angle,S19_CHW,ANN,FACE_R2,FACE_R2,1
S01_angle,S19_CHW,ANN,FACE_R2,FACE_R1,0
S01_angle,S19_CHW,ANN,FACE_R2,FACE_R1,0
S01_angle,S19_CHW,ANN,FACE_R2,FACE_R3,0
S01_angle,S19_CHW,ANN,FACE_R2,FACE_R3,0
S01_angle,S19_CHW,ANN,FACE_R2,FACE_R3,0
S01_angle,S19_CHW,ANN,FACE_R2,FACE_R3,0
S01_angle,S19_CHW,ANN,FACE_R2,FACE_R1,0
S01_angle,S19_CHW,ANN,FACE_R2,FACE_R3,0
S01_angle,S19_CHW,ANN,FACE_R2,FACE_R1,0
S01_angle,S19_CHW,ANN,FACE_R2,FACE_R3,0
S01_angle,S19_CHW,ANN,FACE_R2,FACE_R3,0
S01_angle,S19_CHW,ANN,FACE_R3,FACE_R1,0
S01_angle,S19_CHW,ANN,FACE_R3,FACE_R2,0
S01_angle,S19_CHW,ANN,FACE_R3,FACE_R3,1
S01_angle,S19_CHW,ANN,FACE_R3,FACE_R3,1
S01_angle,S19_CHW,ANN,FACE_R3,FACE_R3,1
S01_angle,S19_CHW,ANN,FACE_R3,FACE_R3,1
S01_angle,S19_CHW,ANN,FACE_R3,FACE_R3,1
S01_angle,S19_CHW,ANN,FACE_R3,FACE_R3,1
S01_angle,S19_CHW,ANN,FACE_R3,FACE_R3,1
S01_angle,S19_CHW,ANN,FACE_R3,FACE_R3,1
S01_angle,S19_CHW,ANN,FACE_R3,FACE_R3,1
S01_angle,S19_CHW,ANN,FACE_R3,FACE_R2,0
S01_angle,S21_PSJ,SNN,FACE_R1,FACE_R2,0
S01_angle,S21_PSJ,SNN,FACE_R1,FACE_R1,1
S01_angle,S21_PSJ,SNN,FACE_R1,FACE_R1,1
S01_angle,S21_PSJ,SNN,FACE_R1,FACE_R1,1
S01_angle,S21_PSJ,SNN,FACE_R1,FACE_R1,1
S01_angle,S21_PSJ,SNN,FACE_R1,FACE_R1,1
S01_angle,S21_PSJ,SNN,FACE_R1,FACE_R1,1
S01_angle,S21_PSJ,SNN,FACE_R1,FACE_R1,1
S01_angle,S21_PSJ,SNN,FACE_R1,FACE_R1,1
S01_angle,S21_PSJ,SNN,FACE_R1,FACE_R1,1
S01_angle,S21_PSJ,SNN,FACE_R2,FACE_R1,0
S01_angle,S21_PSJ,SNN,FACE_R2,FACE_R1,0
S01_angle,S21_PSJ,SNN,FACE_R2,FACE_R1,0
S01_angle,S21_PSJ,SNN,FACE_R2,FACE_R1,0
S01_angle,S21_PSJ,SNN,FACE_R2,FACE_R1,0
S01_angle,S21_PSJ,SNN,FACE_R2,FACE_R1,0
S01_angle,S21_PSJ,SNN,FACE_R2,FACE_R1,0
S01_angle,S21_PSJ,SNN,FACE_R2,FACE_R1,0
S01_angle,S21_PSJ,SNN,FACE_R2,FACE_R1,0
S01_angle,S21_PSJ,SNN,FACE_R2,FACE_R2,1
S01_angle,S21_PSJ,SNN,FACE_R2,FACE_R2,1
S01_angle,S21_PSJ,SNN,FACE_R2,FACE_R2,1
S01_angle,S21_PSJ,SNN,FACE_R3,FACE_R2,0
S01_angle,S21_PSJ,SNN,FACE_R3,FACE_R1,0
S01_angle,S21_PSJ,SNN,FACE_R3,FACE_R1,0
S01_angle,S21_PSJ,SNN,FACE_R3,FACE_R1,0
S01_angle,S21_PSJ,SNN,FACE_R3,FACE_R2,0
S01_angle,S21_PSJ,SNN,FACE_R3,FACE_R2,0
S01_angle,S21_PSJ,SNN,FACE_R3,FACE_R1,0
S01_angle,S21_PSJ,SNN,FACE_R3,FACE_R1,0
S01_angle,S21_PSJ,SNN,FACE_R3,FACE_R2,0
S01_angle,S21_PSJ,SNN,FACE_R3,FACE_R1,0
S01_angle,S21_PSJ,SNN,FACE_R3,FACE_R1,0
S01_angle,S21_PSJ,SNN,FACE_R3,FACE_R1,0
S01_angle,S21_PSJ,ANN,FACE_R1,FACE_R2,0
S01_angle,S21_PSJ,ANN,FACE_R1,FACE_R1,1
S01_angle,S21_PSJ,ANN,FACE_R1,FACE_R1,1
S01_angle,S21_PSJ,ANN,FACE_R1,FACE_R1,1
S01_angle,S21_PSJ,ANN,FACE_R1,FACE_R1,1
S01_angle,S21_PSJ,ANN,FACE_R1,FACE_R1,1
S01_angle,S21_PSJ,ANN,FACE_R1,FACE_R1,1
S01_angle,S21_PSJ,ANN,FACE_R1,FACE_R2,0
S01_angle,S21_PSJ,ANN,FACE_R1,FACE_R1,1
S01_angle,S21_PSJ,ANN,FACE_R1,FACE_R1,1
S01_angle,S21_PSJ,ANN,FACE_R2,FACE_R1,0
S01_angle,S21_PSJ,ANN,FACE_R2,FACE_R1,0
S01_angle,S21_PSJ,ANN,FACE_R2,FACE_R1,0
S01_angle,S21_PSJ,ANN,FACE_R2,FACE_R2,1
S01_angle,S21_PSJ,ANN,FACE_R2,FACE_R2,1
S01_angle,S21_PSJ,ANN,FACE_R2,FACE_R3,0
S01_angle,S21_PSJ,ANN,FACE_R2,FACE_R1,0
S01_angle,S21_PSJ,ANN,FACE_R2,FACE_R1,0
S01_angle,S21_PSJ,ANN,FACE_R2,FACE_R1,0
S01_angle,S21_PSJ,ANN,FACE_R2,FACE_R2,1
S01_angle,S21_PSJ,ANN,FACE_R2,FACE_R1,0
S01_angle,S21_PSJ,ANN,FACE_R2,FACE_R2,1
S01_angle,S21_PSJ,ANN,FACE_R3,FACE_R2,0
S01_angle,S21_PSJ,ANN,FACE_R3,FACE_R2,0
S01_angle,S21_PSJ,ANN,FACE_R3,FACE_R2,0
S01_angle,S21_PSJ,ANN,FACE_R3,FACE_R1,0
S01_angle,S21_PSJ,ANN,FACE_R3,FACE_R1,0
S01_angle,S21_PSJ,ANN,FACE_R3,FACE_R2,0
S01_angle,S21_PSJ,ANN,FACE_R3,FACE_R1,0
S01_angle,S21_PSJ,ANN,FACE_R3,FACE_R1,0
S01_angle,S21_PSJ,ANN,FACE_R3,FACE_R2,0
S01_angle,S21_PSJ,ANN,FACE_R3,FACE_R2,0
S01_angle,S21_PSJ,ANN,FACE_R3,FACE_R1,0
S01_angle,S21_PSJ,ANN,FACE_R3,FACE_R2,0
S01_angle,S23_KDM,SNN,FACE_R1,FACE_R1,1
S01_angle,S23_KDM,SNN,FACE_R1,FACE_R1,1
S01_angle,S23_KDM,SNN,FACE_R1,FACE_R1,1
S01_angle,S23_KDM,SNN,FACE_R1,FACE_R1,1
S01_angle,S23_KDM,SNN,FACE_R1,FACE_R1,1
S01_angle,S23_KDM,SNN,FACE_R1,FACE_R1,1
S01_angle,S23_KDM,SNN,FACE_R1,FACE_R1,1
S01_angle,S23_KDM,SNN,FACE_R1,FACE_R1,1
S01_angle,S23_KDM,SNN,FACE_R1,FACE_R1,1
S01_angle,S23_KDM,SNN,FACE_R2,FACE_R3,0
S01_angle,S23_KDM,SNN,FACE_R2,FACE_R3,0
S01_angle,S23_KDM,SNN,FACE_R2,FACE_R3,0
S01_angle,S23_KDM,SNN,FACE_R2,FACE_R2,1
S01_angle,S23_KDM,SNN,FACE_R2,FACE_R3,0
S01_angle,S23_KDM,SNN,FACE_R2,FACE_R3,0
S01_angle,S23_KDM,SNN,FACE_R2,FACE_R3,0
S01_angle,S23_KDM,SNN,FACE_R2,FACE_R3,0
S01_angle,S23_KDM,SNN,FACE_R2,FACE_R3,0
S01_angle,S23_KDM,SNN,FACE_R2,FACE_R3,0
S01_angle,S23_KDM,SNN,FACE_R2,FACE_R3,0
S01_angle,S23_KDM,SNN,FACE_R2,FACE_R3,0
S01_angle,S23_KDM,SNN,FACE_R3,FACE_R3,1
S01_angle,S23_KDM,SNN,FACE_R3,FACE_R3,1
S01_angle,S23_KDM,SNN,FACE_R3,FACE_R3,1
S01_angle,S23_KDM,SNN,FACE_R3,FACE_R3,1
S01_angle,S23_KDM,SNN,FACE_R3,FACE_R3,1
S01_angle,S23_KDM,SNN,FACE_R3,FACE_R3,1
S01_angle,S23_KDM,SNN,FACE_R3,FACE_R3,1
S01_angle,S23_KDM,SNN,FACE_R3,FACE_R3,1
S01_angle,S23_KDM,SNN,FACE_R3,FACE_R3,1
S01_angle,S23_KDM,SNN,FACE_R3,FACE_R3,1
S01_angle,S23_KDM,SNN,FACE_R3,FACE_R3,1
S01_angle,S23_KDM,SNN,FACE_R3,FACE_R3,1
S01_angle,S23_KDM,SNN,FACE_R3,FACE_R3,1
S01_angle,S23_KDM,ANN,FACE_R1,FACE_R1,1
S01_angle,S23_KDM,ANN,FACE_R1,FACE_R1,1
S01_angle,S23_KDM,ANN,FACE_R1,FACE_R1,1
S01_angle,S23_KDM,ANN,FACE_R1,FACE_R1,1
S01_angle,S23_KDM,ANN,FACE_R1,FACE_R1,1
S01_angle,S23_KDM,ANN,FACE_R1,FACE_R1,1
S01_angle,S23_KDM,ANN,FACE_R1,FACE_R1,1
S01_angle,S23_KDM,ANN,FACE_R1,FACE_R1,1
S01_angle,S23_KDM,ANN,FACE_R1,FACE_R1,1
S01_angle,S23_KDM,ANN,FACE_R2,FACE_R2,1
S01_angle,S23_KDM,ANN,FACE_R2,FACE_R2,1
S01_angle,S23_KDM,ANN,FACE_R2,FACE_R2,1
S01_angle,S23_KDM,ANN,FACE_R2,FACE_R2,1
S01_angle,S23_KDM,ANN,FACE_R2,FACE_R2,1
S01_angle,S23_KDM,ANN,FACE_R2,FACE_R2,1
S01_angle,S23_KDM,ANN,FACE_R2,FACE_R2,1
S01_angle,S23_KDM,ANN,FACE_R2,FACE_R2,1
S01_angle,S23_KDM,ANN,FACE_R2,FACE_R2,1
S01_angle,S23_KDM,ANN,FACE_R2,FACE_R2,1
S01_angle,S23_KDM,ANN,FACE_R2,FACE_R2,1
S01_angle,S23_KDM,ANN,FACE_R2,FACE_R1,0
S01_angle,S23_KDM,ANN,FACE_R3,FACE_R2,0
S01_angle,S23_KDM,ANN,FACE_R3,FACE_R2,0
S01_angle,S23_KDM,ANN,FACE_R3,FACE_R2,0
S01_angle,S23_KDM,ANN,FACE_R3,FACE_R2,0
S01_angle,S23_KDM,ANN,FACE_R3,FACE_R2,0
S01_angle,S23_KDM,ANN,FACE_R3,FACE_R3,1
S01_angle,S23_KDM,ANN,FACE_R3,FACE_R2,0
S01_angle,S23_KDM,ANN,FACE_R3,FACE_R2,0
S01_angle,S23_KDM,ANN,FACE_R3,FACE_R2,0
S01_angle,S23_KDM,ANN,FACE_R3,FACE_R2,0
S01_angle,S23_KDM,ANN,FACE_R3,FACE_R2,0
S01_angle,S23_KDM,ANN,FACE_R3,FACE_R2,0
S01_angle,S23_KDM,ANN,FACE_R3,FACE_R2,0
S01_angle,S26_LDW,SNN,FACE_R1,FACE_R2,0
S01_angle,S26_LDW,SNN,FACE_R1,FACE_R2,0
S01_angle,S26_LDW,SNN,FACE_R1,FACE_R2,0
S01_angle,S26_LDW,SNN,FACE_R1,FACE_R1,1
S01_angle,S26_LDW,SNN,FACE_R1,FACE_R1,1
S01_angle,S26_LDW,SNN,FACE_R1,FACE_R1,1
S01_angle,S26_LDW,SNN,FACE_R1,FACE_R1,1
S01_angle,S26_LDW,SNN,FACE_R1,FACE_R1,1
S01_angle,S26_LDW,SNN,FACE_R1,FACE_R1,1
S01_angle,S26_LDW,SNN,FACE_R1,FACE_R1,1
S01_angle,S26_LDW,SNN,FACE_R1,FACE_R1,1
S01_angle,S26_LDW,SNN,FACE_R2,FACE_R1,0
S01_angle,S26_LDW,SNN,FACE_R2,FACE_R1,0
S01_angle,S26_LDW,SNN,FACE_R2,FACE_R1,0
S01_angle,S26_LDW,SNN,FACE_R2,FACE_R1,0
S01_angle,S26_LDW,SNN,FACE_R2,FACE_R1,0
S01_angle,S26_LDW,SNN,FACE_R2,FACE_R1,0
S01_angle,S26_LDW,SNN,FACE_R2,FACE_R1,0
S01_angle,S26_LDW,SNN,FACE_R2,FACE_R1,0
S01_angle,S26_LDW,SNN,FACE_R2,FACE_R1,0
S01_angle,S26_LDW,SNN,FACE_R2,FACE_R2,1
S01_angle,S26_LDW,SNN,FACE_R2,FACE_R1,0
S01_angle,S26_LDW,SNN,FACE_R2,FACE_R1,0
S01_angle,S26_LDW,SNN,FACE_R3,FACE_R3,1
S01_angle,S26_LDW,SNN,FACE_R3,FACE_R3,1
S01_angle,S26_LDW,SNN,FACE_R3,FACE_R3,1
S01_angle,S26_LDW,SNN,FACE_R3,FACE_R3,1
S01_angle,S26_LDW,SNN,FACE_R3,FACE_R3,1
S01_angle,S26_LDW,SNN,FACE_R3,FACE_R3,1
S01_angle,S26_LDW,SNN,FACE_R3,FACE_R3,1
S01_angle,S26_LDW,SNN,FACE_R3,FACE_R3,1
S01_angle,S26_LDW,SNN,FACE_R3,FACE_R3,1
S01_angle,S26_LDW,SNN,FACE_R3,FACE_R3,1
S01_angle,S26_LDW,SNN,FACE_R3,FACE_R3,1
S01_angle,S26_LDW,ANN,FACE_R1,FACE_R2,0
S01_angle,S26_LDW,ANN,FACE_R1,FACE_R2,0
S01_angle,S26_LDW,ANN,FACE_R1,FACE_R2,0
S01_angle,S26_LDW,ANN,FACE_R1,FACE_R1,1
S01_angle,S26_LDW,ANN,FACE_R1,FACE_R1,1
S01_angle,S26_LDW,ANN,FACE_R1,FACE_R1,1
S01_angle,S26_LDW,ANN,FACE_R1,FACE_R1,1
S01_angle,S26_LDW,ANN,FACE_R1,FACE_R1,1
S01_angle,S26_LDW,ANN,FACE_R1,FACE_R1,1
S01_angle,S26_LDW,ANN,FACE_R1,FACE_R1,1
S01_angle,S26_LDW,ANN,FACE_R1,FACE_R1,1
S01_angle,S26_LDW,ANN,FACE_R2,FACE_R2,1
S01_angle,S26_LDW,ANN,FACE_R2,FACE_R1,0
S01_angle,S26_LDW,ANN,FACE_R2,FACE_R1,0
S01_angle,S26_LDW,ANN,FACE_R2,FACE_R1,0
S01_angle,S26_LDW,ANN,FACE_R2,FACE_R1,0
S01_angle,S26_LDW,ANN,FACE_R2,FACE_R1,0
S01_angle,S26_LDW,ANN,FACE_R2,FACE_R2,1
S01_angle,S26_LDW,ANN,FACE_R2,FACE_R1,0
S01_angle,S26_LDW,ANN,FACE_R2,FACE_R1,0
S01_angle,S26_LDW,ANN,FACE_R2,FACE_R1,0
S01_angle,S26_LDW,ANN,FACE_R2,FACE_R1,0
S01_angle,S26_LDW,ANN,FACE_R2,FACE_R1,0
S01_angle,S26_LDW,ANN,FACE_R3,FACE_R3,1
S01_angle,S26_LDW,ANN,FACE_R3,FACE_R3,1
S01_angle,S26_LDW,ANN,FACE_R3,FACE_R2,0
S01_angle,S26_LDW,ANN,FACE_R3,FACE_R1,0
S01_angle,S26_LDW,ANN,FACE_R3,FACE_R1,0
S01_angle,S26_LDW,ANN,FACE_R3,FACE_R3,1
S01_angle,S26_LDW,ANN,FACE_R3,FACE_R3,1
S01_angle,S26_LDW,ANN,FACE_R3,FACE_R3,1
S01_angle,S26_LDW,ANN,FACE_R3,FACE_R3,1
S01_angle,S26_LDW,ANN,FACE_R3,FACE_R3,1
S01_angle,S26_LDW,ANN,FACE_R3,FACE_R3,1
S01_angle,S28_KDH,SNN,FACE_R1,FACE_R2,0
S01_angle,S28_KDH,SNN,FACE_R1,FACE_R2,0
S01_angle,S28_KDH,SNN,FACE_R1,FACE_R2,0
S01_angle,S28_KDH,SNN,FACE_R1,FACE_R2,0
S01_angle,S28_KDH,SNN,FACE_R1,FACE_R2,0
S01_angle,S28_KDH,SNN,FACE_R1,FACE_R2,0
S01_angle,S28_KDH,SNN,FACE_R1,FACE_R3,0
S01_angle,S28_KDH,SNN,FACE_R1,FACE_R3,0
S01_angle,S28_KDH,SNN,FACE_R1,FACE_R3,0
S01_angle,S28_KDH,SNN,FACE_R1,FACE_R3,0
S01_angle,S28_KDH,SNN,FACE_R1,FACE_R3,0
S01_angle,S28_KDH,SNN,FACE_R1,FACE_R3,0
S01_angle,S28_KDH,SNN,FACE_R2,FACE_R3,0
S01_angle,S28_KDH,SNN,FACE_R2,FACE_R3,0
S01_angle,S28_KDH,SNN,FACE_R2,FACE_R3,0
S01_angle,S28_KDH,SNN,FACE_R2,FACE_R3,0
S01_angle,S28_KDH,SNN,FACE_R2,FACE_R3,0
S01_angle,S28_KDH,SNN,FACE_R2,FACE_R3,0
S01_angle,S28_KDH,SNN,FACE_R2,FACE_R3,0
S01_angle,S28_KDH,SNN,FACE_R2,FACE_R3,0
S01_angle,S28_KDH,SNN,FACE_R2,FACE_R3,0
S01_angle,S28_KDH,SNN,FACE_R2,FACE_R3,0
S01_angle,S28_KDH,SNN,FACE_R2,FACE_R2,1
S01_angle,S28_KDH,SNN,FACE_R2,FACE_R3,0
S01_angle,S28_KDH,SNN,FACE_R3,FACE_R3,1
S01_angle,S28_KDH,SNN,FACE_R3,FACE_R3,1
S01_angle,S28_KDH,SNN,FACE_R3,FACE_R3,1
S01_angle,S28_KDH,SNN,FACE_R3,FACE_R2,0
S01_angle,S28_KDH,SNN,FACE_R3,FACE_R2,0
S01_angle,S28_KDH,SNN,FACE_R3,FACE_R2,0
S01_angle,S28_KDH,SNN,FACE_R3,FACE_R3,1
S01_angle,S28_KDH,SNN,FACE_R3,FACE_R3,1
S01_angle,S28_KDH,SNN,FACE_R3,FACE_R3,1
S01_angle,S28_KDH,SNN,FACE_R3,FACE_R3,1
S01_angle,S28_KDH,SNN,FACE_R3,FACE_R2,0
S01_angle,S28_KDH,ANN,FACE_R1,FACE_R2,0
S01_angle,S28_KDH,ANN,FACE_R1,FACE_R2,0
S01_angle,S28_KDH,ANN,FACE_R1,FACE_R2,0
S01_angle,S28_KDH,ANN,FACE_R1,FACE_R2,0
S01_angle,S28_KDH,ANN,FACE_R1,FACE_R2,0
S01_angle,S28_KDH,ANN,FACE_R1,FACE_R2,0
S01_angle,S28_KDH,ANN,FACE_R1,FACE_R2,0
S01_angle,S28_KDH,ANN,FACE_R1,FACE_R2,0
S01_angle,S28_KDH,ANN,FACE_R1,FACE_R2,0
S01_angle,S28_KDH,ANN,FACE_R1,FACE_R2,0
S01_angle,S28_KDH,ANN,FACE_R1,FACE_R2,0
S01_angle,S28_KDH,ANN,FACE_R1,FACE_R2,0
S01_angle,S28_KDH,ANN,FACE_R2,FACE_R2,1
S01_angle,S28_KDH,ANN,FACE_R2,FACE_R2,1
S01_angle,S28_KDH,ANN,FACE_R2,FACE_R2,1
S01_angle,S28_KDH,ANN,FACE_R2,FACE_R2,1
S01_angle,S28_KDH,ANN,FACE_R2,FACE_R3,0
S01_angle,S28_KDH,ANN,FACE_R2,FACE_R3,0
S01_angle,S28_KDH,ANN,FACE_R2,FACE_R2,1
S01_angle,S28_KDH,ANN,FACE_R2,FACE_R2,1
S01_angle,S28_KDH,ANN,FACE_R2,FACE_R2,1
S01_angle,S28_KDH,ANN,FACE_R2,FACE_R2,1
S01_angle,S28_KDH,ANN,FACE_R2,FACE_R2,1
S01_angle,S28_KDH,ANN,FACE_R2,FACE_R2,1
S01_angle,S28_KDH,ANN,FACE_R3,FACE_R3,1
S01_angle,S28_KDH,ANN,FACE_R3,FACE_R3,1
S01_angle,S28_KDH,ANN,FACE_R3,FACE_R3,1
S01_angle,S28_KDH,ANN,FACE_R3,FACE_R2,0
S01_angle,S28_KDH,ANN,FACE_R3,FACE_R2,0
S01_angle,S28_KDH,ANN,FACE_R3,FACE_R2,0
S01_angle,S28_KDH,ANN,FACE_R3,FACE_R2,0
S01_angle,S28_KDH,ANN,FACE_R3,FACE_R3,1
S01_angle,S28_KDH,ANN,FACE_R3,FACE_R2,0
S01_angle,S28_KDH,ANN,FACE_R3,FACE_R3,1
S01_angle,S28_KDH,ANN,FACE_R3,FACE_R2,0
S02_state,S07_KDM,SNN,NORMAL,POST_HOLD,0
S02_state,S07_KDM,SNN,NORMAL,POST_HOLD,0
S02_state,S07_KDM,SNN,NORMAL,POST_HOLD,0
S02_state,S07_KDM,SNN,NORMAL,POST_HOLD,0
S02_state,S07_KDM,SNN,NORMAL,SLOW,0
S02_state,S07_KDM,SNN,NORMAL,NORMAL,1
S02_state,S07_KDM,SNN,NORMAL,POST_HOLD,0
S02_state,S07_KDM,SNN,NORMAL,POST_EXERCISE,0
S02_state,S07_KDM,SNN,NORMAL,NORMAL,1
S02_state,S07_KDM,SNN,SLOW,POST_HOLD,0
S02_state,S07_KDM,SNN,SLOW,NORMAL,0
S02_state,S07_KDM,SNN,SLOW,NORMAL,0
S02_state,S07_KDM,SNN,SLOW,SLOW,1
S02_state,S07_KDM,SNN,SLOW,SLOW,1
S02_state,S07_KDM,SNN,SLOW,NORMAL,0
S02_state,S07_KDM,SNN,SLOW,NORMAL,0
S02_state,S07_KDM,SNN,SLOW,SLOW,1
S02_state,S07_KDM,SNN,SLOW,POST_HOLD,0
S02_state,S07_KDM,SNN,HOLD,POST_HOLD,0
S02_state,S07_KDM,SNN,HOLD,HOLD,1
S02_state,S07_KDM,SNN,HOLD,NORMAL,0
S02_state,S07_KDM,SNN,HOLD,SLOW,0
S02_state,S07_KDM,SNN,HOLD,POST_HOLD,0
S02_state,S07_KDM,SNN,POST_HOLD,POST_EXERCISE,0
S02_state,S07_KDM,SNN,POST_HOLD,SLOW,0
S02_state,S07_KDM,SNN,POST_HOLD,POST_HOLD,1
S02_state,S07_KDM,SNN,POST_HOLD,SLOW,0
S02_state,S07_KDM,SNN,POST_HOLD,SLOW,0
S02_state,S07_KDM,SNN,POST_HOLD,SLOW,0
S02_state,S07_KDM,SNN,POST_HOLD,SLOW,0
S02_state,S07_KDM,SNN,POST_HOLD,NORMAL,0
S02_state,S07_KDM,SNN,POST_HOLD,NORMAL,0
S02_state,S07_KDM,SNN,SQUAT,SQUAT,1
S02_state,S07_KDM,SNN,SQUAT,SQUAT,1
S02_state,S07_KDM,SNN,SQUAT,SQUAT,1
S02_state,S07_KDM,SNN,SQUAT,SQUAT,1
S02_state,S07_KDM,SNN,SQUAT,SQUAT,1
S02_state,S07_KDM,SNN,SQUAT,SQUAT,1
S02_state,S07_KDM,SNN,SQUAT,SQUAT,1
S02_state,S07_KDM,SNN,SQUAT,SQUAT,1
S02_state,S07_KDM,SNN,SQUAT,SQUAT,1
S02_state,S07_KDM,SNN,POST_EXERCISE,POST_EXERCISE,1
S02_state,S07_KDM,SNN,POST_EXERCISE,POST_HOLD,0
S02_state,S07_KDM,SNN,POST_EXERCISE,POST_EXERCISE,1
S02_state,S07_KDM,SNN,POST_EXERCISE,SLOW,0
S02_state,S07_KDM,SNN,POST_EXERCISE,NORMAL,0
S02_state,S07_KDM,SNN,POST_EXERCISE,POST_HOLD,0
S02_state,S07_KDM,SNN,POST_EXERCISE,POST_HOLD,0
S02_state,S07_KDM,SNN,POST_EXERCISE,SLOW,0
S02_state,S07_KDM,SNN,POST_EXERCISE,SLOW,0
S02_state,S07_KDM,ANN,NORMAL,POST_HOLD,0
S02_state,S07_KDM,ANN,NORMAL,NORMAL,1
S02_state,S07_KDM,ANN,NORMAL,SLOW,0
S02_state,S07_KDM,ANN,NORMAL,SLOW,0
S02_state,S07_KDM,ANN,NORMAL,SLOW,0
S02_state,S07_KDM,ANN,NORMAL,SLOW,0
S02_state,S07_KDM,ANN,NORMAL,SLOW,0
S02_state,S07_KDM,ANN,NORMAL,POST_HOLD,0
S02_state,S07_KDM,ANN,NORMAL,SLOW,0
S02_state,S07_KDM,ANN,SLOW,SLOW,1
S02_state,S07_KDM,ANN,SLOW,POST_HOLD,0
S02_state,S07_KDM,ANN,SLOW,SLOW,1
S02_state,S07_KDM,ANN,SLOW,SLOW,1
S02_state,S07_KDM,ANN,SLOW,SLOW,1
S02_state,S07_KDM,ANN,SLOW,SLOW,1
S02_state,S07_KDM,ANN,SLOW,POST_HOLD,0
S02_state,S07_KDM,ANN,SLOW,SLOW,1
S02_state,S07_KDM,ANN,SLOW,SLOW,1
S02_state,S07_KDM,ANN,HOLD,POST_EXERCISE,0
S02_state,S07_KDM,ANN,HOLD,HOLD,1
S02_state,S07_KDM,ANN,HOLD,SLOW,0
S02_state,S07_KDM,ANN,HOLD,SLOW,0
S02_state,S07_KDM,ANN,HOLD,SLOW,0
S02_state,S07_KDM,ANN,POST_HOLD,POST_HOLD,1
S02_state,S07_KDM,ANN,POST_HOLD,POST_HOLD,1
S02_state,S07_KDM,ANN,POST_HOLD,POST_HOLD,1
S02_state,S07_KDM,ANN,POST_HOLD,POST_HOLD,1
S02_state,S07_KDM,ANN,POST_HOLD,NORMAL,0
S02_state,S07_KDM,ANN,POST_HOLD,NORMAL,0
S02_state,S07_KDM,ANN,POST_HOLD,POST_HOLD,1
S02_state,S07_KDM,ANN,POST_HOLD,POST_HOLD,1
S02_state,S07_KDM,ANN,POST_HOLD,NORMAL,0
S02_state,S07_KDM,ANN,SQUAT,SQUAT,1
S02_state,S07_KDM,ANN,SQUAT,SQUAT,1
S02_state,S07_KDM,ANN,SQUAT,SQUAT,1
S02_state,S07_KDM,ANN,SQUAT,SQUAT,1
S02_state,S07_KDM,ANN,SQUAT,SQUAT,1
S02_state,S07_KDM,ANN,SQUAT,SQUAT,1
S02_state,S07_KDM,ANN,SQUAT,SQUAT,1
S02_state,S07_KDM,ANN,SQUAT,SQUAT,1
S02_state,S07_KDM,ANN,SQUAT,SQUAT,1
S02_state,S07_KDM,ANN,POST_EXERCISE,POST_EXERCISE,1
S02_state,S07_KDM,ANN,POST_EXERCISE,SLOW,0
S02_state,S07_KDM,ANN,POST_EXERCISE,SLOW,0
S02_state,S07_KDM,ANN,POST_EXERCISE,SLOW,0
S02_state,S07_KDM,ANN,POST_EXERCISE,SLOW,0
S02_state,S07_KDM,ANN,POST_EXERCISE,SLOW,0
S02_state,S07_KDM,ANN,POST_EXERCISE,SLOW,0
S02_state,S07_KDM,ANN,POST_EXERCISE,SLOW,0
S02_state,S07_KDM,ANN,POST_EXERCISE,SLOW,0
S02_state,S08_MDO,SNN,NORMAL,HOLD,0
S02_state,S08_MDO,SNN,NORMAL,HOLD,0
S02_state,S08_MDO,SNN,NORMAL,POST_EXERCISE,0
S02_state,S08_MDO,SNN,NORMAL,POST_HOLD,0
S02_state,S08_MDO,SNN,NORMAL,POST_EXERCISE,0
S02_state,S08_MDO,SNN,NORMAL,HOLD,0
S02_state,S08_MDO,SNN,NORMAL,HOLD,0
S02_state,S08_MDO,SNN,NORMAL,HOLD,0
S02_state,S08_MDO,SNN,NORMAL,POST_EXERCISE,0
S02_state,S08_MDO,SNN,SLOW,NORMAL,0
S02_state,S08_MDO,SNN,SLOW,POST_HOLD,0
S02_state,S08_MDO,SNN,SLOW,HOLD,0
S02_state,S08_MDO,SNN,SLOW,POST_HOLD,0
S02_state,S08_MDO,SNN,SLOW,HOLD,0
S02_state,S08_MDO,SNN,SLOW,POST_EXERCISE,0
S02_state,S08_MDO,SNN,SLOW,POST_EXERCISE,0
S02_state,S08_MDO,SNN,SLOW,POST_HOLD,0
S02_state,S08_MDO,SNN,SLOW,HOLD,0
S02_state,S08_MDO,SNN,HOLD,HOLD,1
S02_state,S08_MDO,SNN,HOLD,HOLD,1
S02_state,S08_MDO,SNN,HOLD,POST_HOLD,0
S02_state,S08_MDO,SNN,HOLD,POST_HOLD,0
S02_state,S08_MDO,SNN,POST_HOLD,POST_EXERCISE,0
S02_state,S08_MDO,SNN,POST_HOLD,POST_HOLD,1
S02_state,S08_MDO,SNN,POST_HOLD,NORMAL,0
S02_state,S08_MDO,SNN,POST_HOLD,POST_HOLD,1
S02_state,S08_MDO,SNN,POST_HOLD,HOLD,0
S02_state,S08_MDO,SNN,POST_HOLD,POST_HOLD,1
S02_state,S08_MDO,SNN,POST_HOLD,SLOW,0
S02_state,S08_MDO,SNN,POST_HOLD,HOLD,0
S02_state,S08_MDO,SNN,POST_HOLD,NORMAL,0
S02_state,S08_MDO,SNN,POST_HOLD,NORMAL,0
S02_state,S08_MDO,SNN,SQUAT,SQUAT,1
S02_state,S08_MDO,SNN,SQUAT,SQUAT,1
S02_state,S08_MDO,SNN,SQUAT,SQUAT,1
S02_state,S08_MDO,SNN,SQUAT,SQUAT,1
S02_state,S08_MDO,SNN,SQUAT,SQUAT,1
S02_state,S08_MDO,SNN,SQUAT,SQUAT,1
S02_state,S08_MDO,SNN,SQUAT,SQUAT,1
S02_state,S08_MDO,SNN,SQUAT,SQUAT,1
S02_state,S08_MDO,SNN,SQUAT,SQUAT,1
S02_state,S08_MDO,SNN,POST_EXERCISE,POST_EXERCISE,1
S02_state,S08_MDO,SNN,POST_EXERCISE,NORMAL,0
S02_state,S08_MDO,SNN,POST_EXERCISE,POST_EXERCISE,1
S02_state,S08_MDO,SNN,POST_EXERCISE,NORMAL,0
S02_state,S08_MDO,SNN,POST_EXERCISE,POST_EXERCISE,1
S02_state,S08_MDO,SNN,POST_EXERCISE,POST_EXERCISE,1
S02_state,S08_MDO,SNN,POST_EXERCISE,NORMAL,0
S02_state,S08_MDO,SNN,POST_EXERCISE,NORMAL,0
S02_state,S08_MDO,SNN,POST_EXERCISE,NORMAL,0
S02_state,S08_MDO,ANN,NORMAL,NORMAL,1
S02_state,S08_MDO,ANN,NORMAL,NORMAL,1
S02_state,S08_MDO,ANN,NORMAL,SLOW,0
S02_state,S08_MDO,ANN,NORMAL,SLOW,0
S02_state,S08_MDO,ANN,NORMAL,SLOW,0
S02_state,S08_MDO,ANN,NORMAL,HOLD,0
S02_state,S08_MDO,ANN,NORMAL,HOLD,0
S02_state,S08_MDO,ANN,NORMAL,NORMAL,1
S02_state,S08_MDO,ANN,NORMAL,POST_EXERCISE,0
S02_state,S08_MDO,ANN,SLOW,SLOW,1
S02_state,S08_MDO,ANN,SLOW,POST_EXERCISE,0
S02_state,S08_MDO,ANN,SLOW,NORMAL,0
S02_state,S08_MDO,ANN,SLOW,SLOW,1
S02_state,S08_MDO,ANN,SLOW,POST_HOLD,0
S02_state,S08_MDO,ANN,SLOW,NORMAL,0
S02_state,S08_MDO,ANN,SLOW,HOLD,0
S02_state,S08_MDO,ANN,SLOW,NORMAL,0
S02_state,S08_MDO,ANN,SLOW,NORMAL,0
S02_state,S08_MDO,ANN,HOLD,HOLD,1
S02_state,S08_MDO,ANN,HOLD,HOLD,1
S02_state,S08_MDO,ANN,HOLD,POST_HOLD,0
S02_state,S08_MDO,ANN,HOLD,HOLD,1
S02_state,S08_MDO,ANN,POST_HOLD,POST_EXERCISE,0
S02_state,S08_MDO,ANN,POST_HOLD,POST_EXERCISE,0
S02_state,S08_MDO,ANN,POST_HOLD,POST_HOLD,1
S02_state,S08_MDO,ANN,POST_HOLD,POST_EXERCISE,0
S02_state,S08_MDO,ANN,POST_HOLD,NORMAL,0
S02_state,S08_MDO,ANN,POST_HOLD,SLOW,0
S02_state,S08_MDO,ANN,POST_HOLD,POST_EXERCISE,0
S02_state,S08_MDO,ANN,POST_HOLD,POST_EXERCISE,0
S02_state,S08_MDO,ANN,POST_HOLD,HOLD,0
S02_state,S08_MDO,ANN,POST_HOLD,POST_EXERCISE,0
S02_state,S08_MDO,ANN,SQUAT,SQUAT,1
S02_state,S08_MDO,ANN,SQUAT,SQUAT,1
S02_state,S08_MDO,ANN,SQUAT,SQUAT,1
S02_state,S08_MDO,ANN,SQUAT,SQUAT,1
S02_state,S08_MDO,ANN,SQUAT,SQUAT,1
S02_state,S08_MDO,ANN,SQUAT,SQUAT,1
S02_state,S08_MDO,ANN,SQUAT,SQUAT,1
S02_state,S08_MDO,ANN,SQUAT,SQUAT,1
S02_state,S08_MDO,ANN,SQUAT,SQUAT,1
S02_state,S08_MDO,ANN,POST_EXERCISE,POST_EXERCISE,1
S02_state,S08_MDO,ANN,POST_EXERCISE,POST_EXERCISE,1
S02_state,S08_MDO,ANN,POST_EXERCISE,POST_EXERCISE,1
S02_state,S08_MDO,ANN,POST_EXERCISE,POST_EXERCISE,1
S02_state,S08_MDO,ANN,POST_EXERCISE,NORMAL,0
S02_state,S08_MDO,ANN,POST_EXERCISE,NORMAL,0
S02_state,S08_MDO,ANN,POST_EXERCISE,HOLD,0
S02_state,S08_MDO,ANN,POST_EXERCISE,NORMAL,0
S02_state,S08_MDO,ANN,POST_EXERCISE,SLOW,0
S02_state,S09_HDH,SNN,NORMAL,NORMAL,1
S02_state,S09_HDH,SNN,NORMAL,SLOW,0
S02_state,S09_HDH,SNN,NORMAL,SLOW,0
S02_state,S09_HDH,SNN,NORMAL,SLOW,0
S02_state,S09_HDH,SNN,NORMAL,NORMAL,1
S02_state,S09_HDH,SNN,NORMAL,SLOW,0
S02_state,S09_HDH,SNN,NORMAL,SLOW,0
S02_state,S09_HDH,SNN,NORMAL,SLOW,0
S02_state,S09_HDH,SNN,NORMAL,NORMAL,1
S02_state,S09_HDH,SNN,SLOW,NORMAL,0
S02_state,S09_HDH,SNN,SLOW,HOLD,0
S02_state,S09_HDH,SNN,SLOW,SLOW,1
S02_state,S09_HDH,SNN,SLOW,POST_HOLD,0
S02_state,S09_HDH,SNN,SLOW,NORMAL,0
S02_state,S09_HDH,SNN,SLOW,SLOW,1
S02_state,S09_HDH,SNN,SLOW,NORMAL,0
S02_state,S09_HDH,SNN,SLOW,SLOW,1
S02_state,S09_HDH,SNN,SLOW,HOLD,0
S02_state,S09_HDH,SNN,HOLD,NORMAL,0
S02_state,S09_HDH,SNN,HOLD,NORMAL,0
S02_state,S09_HDH,SNN,HOLD,HOLD,1
S02_state,S09_HDH,SNN,HOLD,HOLD,1
S02_state,S09_HDH,SNN,HOLD,HOLD,1
S02_state,S09_HDH,SNN,POST_HOLD,POST_HOLD,1
S02_state,S09_HDH,SNN,POST_HOLD,POST_HOLD,1
S02_state,S09_HDH,SNN,POST_HOLD,SLOW,0
S02_state,S09_HDH,SNN,POST_HOLD,POST_HOLD,1
S02_state,S09_HDH,SNN,POST_HOLD,SLOW,0
S02_state,S09_HDH,SNN,POST_HOLD,SLOW,0
S02_state,S09_HDH,SNN,POST_HOLD,HOLD,0
S02_state,S09_HDH,SNN,POST_HOLD,HOLD,0
S02_state,S09_HDH,SNN,POST_HOLD,HOLD,0
S02_state,S09_HDH,SNN,SQUAT,SQUAT,1
S02_state,S09_HDH,SNN,SQUAT,SQUAT,1
S02_state,S09_HDH,SNN,SQUAT,SQUAT,1
S02_state,S09_HDH,SNN,SQUAT,SQUAT,1
S02_state,S09_HDH,SNN,SQUAT,SQUAT,1
S02_state,S09_HDH,SNN,SQUAT,SQUAT,1
S02_state,S09_HDH,SNN,SQUAT,SQUAT,1
S02_state,S09_HDH,SNN,SQUAT,SQUAT,1
S02_state,S09_HDH,SNN,SQUAT,SQUAT,1
S02_state,S09_HDH,SNN,POST_EXERCISE,POST_EXERCISE,1
S02_state,S09_HDH,SNN,POST_EXERCISE,POST_EXERCISE,1
S02_state,S09_HDH,SNN,POST_EXERCISE,POST_EXERCISE,1
S02_state,S09_HDH,SNN,POST_EXERCISE,POST_EXERCISE,1
S02_state,S09_HDH,SNN,POST_EXERCISE,POST_EXERCISE,1
S02_state,S09_HDH,SNN,POST_EXERCISE,POST_EXERCISE,1
S02_state,S09_HDH,SNN,POST_EXERCISE,POST_EXERCISE,1
S02_state,S09_HDH,SNN,POST_EXERCISE,POST_EXERCISE,1
S02_state,S09_HDH,SNN,POST_EXERCISE,POST_EXERCISE,1
S02_state,S09_HDH,ANN,NORMAL,SLOW,0
S02_state,S09_HDH,ANN,NORMAL,HOLD,0
S02_state,S09_HDH,ANN,NORMAL,POST_HOLD,0
S02_state,S09_HDH,ANN,NORMAL,HOLD,0
S02_state,S09_HDH,ANN,NORMAL,NORMAL,1
S02_state,S09_HDH,ANN,NORMAL,NORMAL,1
S02_state,S09_HDH,ANN,NORMAL,NORMAL,1
S02_state,S09_HDH,ANN,NORMAL,NORMAL,1
S02_state,S09_HDH,ANN,NORMAL,HOLD,0
S02_state,S09_HDH,ANN,SLOW,HOLD,0
S02_state,S09_HDH,ANN,SLOW,HOLD,0
S02_state,S09_HDH,ANN,SLOW,HOLD,0
S02_state,S09_HDH,ANN,SLOW,HOLD,0
S02_state,S09_HDH,ANN,SLOW,HOLD,0
S02_state,S09_HDH,ANN,SLOW,NORMAL,0
S02_state,S09_HDH,ANN,SLOW,NORMAL,0
S02_state,S09_HDH,ANN,SLOW,NORMAL,0
S02_state,S09_HDH,ANN,SLOW,HOLD,0
S02_state,S09_HDH,ANN,HOLD,NORMAL,0
S02_state,S09_HDH,ANN,HOLD,NORMAL,0
S02_state,S09_HDH,ANN,HOLD,HOLD,1
S02_state,S09_HDH,ANN,HOLD,HOLD,1
S02_state,S09_HDH,ANN,HOLD,HOLD,1
S02_state,S09_HDH,ANN,POST_HOLD,HOLD,0
S02_state,S09_HDH,ANN,POST_HOLD,HOLD,0
S02_state,S09_HDH,ANN,POST_HOLD,SLOW,0
S02_state,S09_HDH,ANN,POST_HOLD,SLOW,0
S02_state,S09_HDH,ANN,POST_HOLD,SLOW,0
S02_state,S09_HDH,ANN,POST_HOLD,SLOW,0
S02_state,S09_HDH,ANN,POST_HOLD,HOLD,0
S02_state,S09_HDH,ANN,POST_HOLD,HOLD,0
S02_state,S09_HDH,ANN,POST_HOLD,NORMAL,0
S02_state,S09_HDH,ANN,SQUAT,SQUAT,1
S02_state,S09_HDH,ANN,SQUAT,SQUAT,1
S02_state,S09_HDH,ANN,SQUAT,SQUAT,1
S02_state,S09_HDH,ANN,SQUAT,SQUAT,1
S02_state,S09_HDH,ANN,SQUAT,SQUAT,1
S02_state,S09_HDH,ANN,SQUAT,SQUAT,1
S02_state,S09_HDH,ANN,SQUAT,SQUAT,1
S02_state,S09_HDH,ANN,SQUAT,SQUAT,1
S02_state,S09_HDH,ANN,SQUAT,SQUAT,1
S02_state,S09_HDH,ANN,POST_EXERCISE,POST_EXERCISE,1
S02_state,S09_HDH,ANN,POST_EXERCISE,POST_EXERCISE,1
S02_state,S09_HDH,ANN,POST_EXERCISE,POST_EXERCISE,1
S02_state,S09_HDH,ANN,POST_EXERCISE,POST_EXERCISE,1
S02_state,S09_HDH,ANN,POST_EXERCISE,POST_EXERCISE,1
S02_state,S09_HDH,ANN,POST_EXERCISE,POST_EXERCISE,1
S02_state,S09_HDH,ANN,POST_EXERCISE,POST_EXERCISE,1
S02_state,S09_HDH,ANN,POST_EXERCISE,NORMAL,0
S02_state,S09_HDH,ANN,POST_EXERCISE,POST_EXERCISE,1
S02_state,S17_RJS,SNN,NORMAL,SLOW,0
S02_state,S17_RJS,SNN,NORMAL,SLOW,0
S02_state,S17_RJS,SNN,NORMAL,NORMAL,1
S02_state,S17_RJS,SNN,NORMAL,NORMAL,1
S02_state,S17_RJS,SNN,NORMAL,SLOW,0
S02_state,S17_RJS,SNN,NORMAL,NORMAL,1
S02_state,S17_RJS,SNN,NORMAL,SLOW,0
S02_state,S17_RJS,SNN,NORMAL,SLOW,0
S02_state,S17_RJS,SNN,NORMAL,SLOW,0
S02_state,S17_RJS,SNN,SLOW,NORMAL,0
S02_state,S17_RJS,SNN,SLOW,NORMAL,0
S02_state,S17_RJS,SNN,SLOW,SLOW,1
S02_state,S17_RJS,SNN,SLOW,NORMAL,0
S02_state,S17_RJS,SNN,SLOW,HOLD,0
S02_state,S17_RJS,SNN,SLOW,POST_HOLD,0
S02_state,S17_RJS,SNN,SLOW,POST_EXERCISE,0
S02_state,S17_RJS,SNN,SLOW,SLOW,1
S02_state,S17_RJS,SNN,SLOW,POST_EXERCISE,0
S02_state,S17_RJS,SNN,HOLD,NORMAL,0
S02_state,S17_RJS,SNN,HOLD,POST_EXERCISE,0
S02_state,S17_RJS,SNN,HOLD,SLOW,0
S02_state,S17_RJS,SNN,HOLD,POST_HOLD,0
S02_state,S17_RJS,SNN,HOLD,NORMAL,0
S02_state,S17_RJS,SNN,POST_HOLD,HOLD,0
S02_state,S17_RJS,SNN,POST_HOLD,NORMAL,0
S02_state,S17_RJS,SNN,POST_HOLD,NORMAL,0
S02_state,S17_RJS,SNN,POST_HOLD,NORMAL,0
S02_state,S17_RJS,SNN,POST_HOLD,HOLD,0
S02_state,S17_RJS,SNN,POST_HOLD,SLOW,0
S02_state,S17_RJS,SNN,POST_HOLD,POST_HOLD,1
S02_state,S17_RJS,SNN,POST_HOLD,NORMAL,0
S02_state,S17_RJS,SNN,POST_HOLD,NORMAL,0
S02_state,S17_RJS,SNN,SQUAT,SQUAT,1
S02_state,S17_RJS,SNN,SQUAT,SQUAT,1
S02_state,S17_RJS,SNN,SQUAT,SQUAT,1
S02_state,S17_RJS,SNN,SQUAT,SQUAT,1
S02_state,S17_RJS,SNN,SQUAT,SQUAT,1
S02_state,S17_RJS,SNN,SQUAT,SQUAT,1
S02_state,S17_RJS,SNN,SQUAT,SQUAT,1
S02_state,S17_RJS,SNN,SQUAT,SQUAT,1
S02_state,S17_RJS,SNN,SQUAT,SQUAT,1
S02_state,S17_RJS,SNN,POST_EXERCISE,NORMAL,0
S02_state,S17_RJS,SNN,POST_EXERCISE,SLOW,0
S02_state,S17_RJS,SNN,POST_EXERCISE,NORMAL,0
S02_state,S17_RJS,SNN,POST_EXERCISE,NORMAL,0
S02_state,S17_RJS,SNN,POST_EXERCISE,NORMAL,0
S02_state,S17_RJS,SNN,POST_EXERCISE,NORMAL,0
S02_state,S17_RJS,SNN,POST_EXERCISE,HOLD,0
S02_state,S17_RJS,SNN,POST_EXERCISE,HOLD,0
S02_state,S17_RJS,SNN,POST_EXERCISE,NORMAL,0
S02_state,S17_RJS,ANN,NORMAL,POST_EXERCISE,0
S02_state,S17_RJS,ANN,NORMAL,POST_EXERCISE,0
S02_state,S17_RJS,ANN,NORMAL,NORMAL,1
S02_state,S17_RJS,ANN,NORMAL,NORMAL,1
S02_state,S17_RJS,ANN,NORMAL,POST_EXERCISE,0
S02_state,S17_RJS,ANN,NORMAL,POST_EXERCISE,0
S02_state,S17_RJS,ANN,NORMAL,POST_HOLD,0
S02_state,S17_RJS,ANN,NORMAL,POST_EXERCISE,0
S02_state,S17_RJS,ANN,NORMAL,POST_EXERCISE,0
S02_state,S17_RJS,ANN,SLOW,NORMAL,0
S02_state,S17_RJS,ANN,SLOW,SLOW,1
S02_state,S17_RJS,ANN,SLOW,POST_HOLD,0
S02_state,S17_RJS,ANN,SLOW,POST_EXERCISE,0
S02_state,S17_RJS,ANN,SLOW,NORMAL,0
S02_state,S17_RJS,ANN,SLOW,POST_EXERCISE,0
S02_state,S17_RJS,ANN,SLOW,POST_EXERCISE,0
S02_state,S17_RJS,ANN,SLOW,POST_EXERCISE,0
S02_state,S17_RJS,ANN,SLOW,POST_EXERCISE,0
S02_state,S17_RJS,ANN,HOLD,NORMAL,0
S02_state,S17_RJS,ANN,HOLD,NORMAL,0
S02_state,S17_RJS,ANN,HOLD,NORMAL,0
S02_state,S17_RJS,ANN,HOLD,HOLD,1
S02_state,S17_RJS,ANN,HOLD,HOLD,1
S02_state,S17_RJS,ANN,POST_HOLD,POST_EXERCISE,0
S02_state,S17_RJS,ANN,POST_HOLD,POST_EXERCISE,0
S02_state,S17_RJS,ANN,POST_HOLD,POST_EXERCISE,0
S02_state,S17_RJS,ANN,POST_HOLD,POST_EXERCISE,0
S02_state,S17_RJS,ANN,POST_HOLD,NORMAL,0
S02_state,S17_RJS,ANN,POST_HOLD,POST_EXERCISE,0
S02_state,S17_RJS,ANN,POST_HOLD,POST_EXERCISE,0
S02_state,S17_RJS,ANN,POST_HOLD,POST_EXERCISE,0
S02_state,S17_RJS,ANN,POST_HOLD,NORMAL,0
S02_state,S17_RJS,ANN,SQUAT,SQUAT,1
S02_state,S17_RJS,ANN,SQUAT,SQUAT,1
S02_state,S17_RJS,ANN,SQUAT,SQUAT,1
S02_state,S17_RJS,ANN,SQUAT,SQUAT,1
S02_state,S17_RJS,ANN,SQUAT,SQUAT,1
S02_state,S17_RJS,ANN,SQUAT,SQUAT,1
S02_state,S17_RJS,ANN,SQUAT,SQUAT,1
S02_state,S17_RJS,ANN,SQUAT,SQUAT,1
S02_state,S17_RJS,ANN,SQUAT,SQUAT,1
S02_state,S17_RJS,ANN,POST_EXERCISE,NORMAL,0
S02_state,S17_RJS,ANN,POST_EXERCISE,NORMAL,0
S02_state,S17_RJS,ANN,POST_EXERCISE,NORMAL,0
S02_state,S17_RJS,ANN,POST_EXERCISE,NORMAL,0
S02_state,S17_RJS,ANN,POST_EXERCISE,POST_EXERCISE,1
S02_state,S17_RJS,ANN,POST_EXERCISE,HOLD,0
S02_state,S17_RJS,ANN,POST_EXERCISE,HOLD,0
S02_state,S17_RJS,ANN,POST_EXERCISE,SLOW,0
S02_state,S17_RJS,ANN,POST_EXERCISE,HOLD,0
S02_state,S18_LJH,SNN,NORMAL,HOLD,0
S02_state,S18_LJH,SNN,NORMAL,NORMAL,1
S02_state,S18_LJH,SNN,NORMAL,HOLD,0
S02_state,S18_LJH,SNN,NORMAL,HOLD,0
S02_state,S18_LJH,SNN,NORMAL,HOLD,0
S02_state,S18_LJH,SNN,NORMAL,HOLD,0
S02_state,S18_LJH,SNN,NORMAL,HOLD,0
S02_state,S18_LJH,SNN,NORMAL,NORMAL,1
S02_state,S18_LJH,SNN,NORMAL,NORMAL,1
S02_state,S18_LJH,SNN,SLOW,HOLD,0
S02_state,S18_LJH,SNN,SLOW,NORMAL,0
S02_state,S18_LJH,SNN,SLOW,HOLD,0
S02_state,S18_LJH,SNN,SLOW,SLOW,1
S02_state,S18_LJH,SNN,SLOW,HOLD,0
S02_state,S18_LJH,SNN,SLOW,HOLD,0
S02_state,S18_LJH,SNN,SLOW,HOLD,0
S02_state,S18_LJH,SNN,SLOW,HOLD,0
S02_state,S18_LJH,SNN,SLOW,HOLD,0
S02_state,S18_LJH,SNN,HOLD,HOLD,1
S02_state,S18_LJH,SNN,HOLD,HOLD,1
S02_state,S18_LJH,SNN,HOLD,HOLD,1
S02_state,S18_LJH,SNN,HOLD,HOLD,1
S02_state,S18_LJH,SNN,HOLD,POST_HOLD,0
S02_state,S18_LJH,SNN,POST_HOLD,NORMAL,0
S02_state,S18_LJH,SNN,POST_HOLD,SLOW,0
S02_state,S18_LJH,SNN,POST_HOLD,HOLD,0
S02_state,S18_LJH,SNN,POST_HOLD,HOLD,0
S02_state,S18_LJH,SNN,POST_HOLD,POST_HOLD,1
S02_state,S18_LJH,SNN,POST_HOLD,HOLD,0
S02_state,S18_LJH,SNN,POST_HOLD,HOLD,0
S02_state,S18_LJH,SNN,POST_HOLD,HOLD,0
S02_state,S18_LJH,SNN,POST_HOLD,SLOW,0
S02_state,S18_LJH,SNN,SQUAT,POST_EXERCISE,0
S02_state,S18_LJH,SNN,SQUAT,POST_HOLD,0
S02_state,S18_LJH,SNN,SQUAT,HOLD,0
S02_state,S18_LJH,SNN,SQUAT,HOLD,0
S02_state,S18_LJH,SNN,SQUAT,NORMAL,0
S02_state,S18_LJH,SNN,SQUAT,HOLD,0
S02_state,S18_LJH,SNN,SQUAT,NORMAL,0
S02_state,S18_LJH,SNN,SQUAT,HOLD,0
S02_state,S18_LJH,SNN,SQUAT,NORMAL,0
S02_state,S18_LJH,SNN,POST_EXERCISE,HOLD,0
S02_state,S18_LJH,SNN,POST_EXERCISE,NORMAL,0
S02_state,S18_LJH,SNN,POST_EXERCISE,NORMAL,0
S02_state,S18_LJH,SNN,POST_EXERCISE,NORMAL,0
S02_state,S18_LJH,SNN,POST_EXERCISE,SLOW,0
S02_state,S18_LJH,SNN,POST_EXERCISE,POST_EXERCISE,1
S02_state,S18_LJH,SNN,POST_EXERCISE,POST_EXERCISE,1
S02_state,S18_LJH,SNN,POST_EXERCISE,SLOW,0
S02_state,S18_LJH,SNN,POST_EXERCISE,POST_EXERCISE,1
S02_state,S18_LJH,ANN,NORMAL,HOLD,0
S02_state,S18_LJH,ANN,NORMAL,POST_HOLD,0
S02_state,S18_LJH,ANN,NORMAL,POST_HOLD,0
S02_state,S18_LJH,ANN,NORMAL,HOLD,0
S02_state,S18_LJH,ANN,NORMAL,HOLD,0
S02_state,S18_LJH,ANN,NORMAL,NORMAL,1
S02_state,S18_LJH,ANN,NORMAL,HOLD,0
S02_state,S18_LJH,ANN,NORMAL,HOLD,0
S02_state,S18_LJH,ANN,NORMAL,HOLD,0
S02_state,S18_LJH,ANN,SLOW,HOLD,0
S02_state,S18_LJH,ANN,SLOW,POST_HOLD,0
S02_state,S18_LJH,ANN,SLOW,HOLD,0
S02_state,S18_LJH,ANN,SLOW,HOLD,0
S02_state,S18_LJH,ANN,SLOW,HOLD,0
S02_state,S18_LJH,ANN,SLOW,HOLD,0
S02_state,S18_LJH,ANN,SLOW,NORMAL,0
S02_state,S18_LJH,ANN,SLOW,HOLD,0
S02_state,S18_LJH,ANN,SLOW,NORMAL,0
S02_state,S18_LJH,ANN,HOLD,HOLD,1
S02_state,S18_LJH,ANN,HOLD,HOLD,1
S02_state,S18_LJH,ANN,HOLD,HOLD,1
S02_state,S18_LJH,ANN,HOLD,HOLD,1
S02_state,S18_LJH,ANN,HOLD,HOLD,1
S02_state,S18_LJH,ANN,POST_HOLD,POST_HOLD,1
S02_state,S18_LJH,ANN,POST_HOLD,SLOW,0
S02_state,S18_LJH,ANN,POST_HOLD,HOLD,0
S02_state,S18_LJH,ANN,POST_HOLD,HOLD,0
S02_state,S18_LJH,ANN,POST_HOLD,HOLD,0
S02_state,S18_LJH,ANN,POST_HOLD,POST_HOLD,1
S02_state,S18_LJH,ANN,POST_HOLD,HOLD,0
S02_state,S18_LJH,ANN,POST_HOLD,HOLD,0
S02_state,S18_LJH,ANN,POST_HOLD,SLOW,0
S02_state,S18_LJH,ANN,SQUAT,SQUAT,1
S02_state,S18_LJH,ANN,SQUAT,POST_HOLD,0
S02_state,S18_LJH,ANN,SQUAT,NORMAL,0
S02_state,S18_LJH,ANN,SQUAT,NORMAL,0
S02_state,S18_LJH,ANN,SQUAT,HOLD,0
S02_state,S18_LJH,ANN,SQUAT,NORMAL,0
S02_state,S18_LJH,ANN,SQUAT,HOLD,0
S02_state,S18_LJH,ANN,SQUAT,HOLD,0
S02_state,S18_LJH,ANN,SQUAT,NORMAL,0
S02_state,S18_LJH,ANN,POST_EXERCISE,POST_HOLD,0
S02_state,S18_LJH,ANN,POST_EXERCISE,POST_HOLD,0
S02_state,S18_LJH,ANN,POST_EXERCISE,POST_HOLD,0
S02_state,S18_LJH,ANN,POST_EXERCISE,POST_HOLD,0
S02_state,S18_LJH,ANN,POST_EXERCISE,NORMAL,0
S02_state,S18_LJH,ANN,POST_EXERCISE,POST_HOLD,0
S02_state,S18_LJH,ANN,POST_EXERCISE,POST_HOLD,0
S02_state,S18_LJH,ANN,POST_EXERCISE,POST_HOLD,0
S02_state,S18_LJH,ANN,POST_EXERCISE,POST_HOLD,0
S02_state,S19_CHW,SNN,NORMAL,HOLD,0
S02_state,S19_CHW,SNN,NORMAL,HOLD,0
S02_state,S19_CHW,SNN,NORMAL,POST_EXERCISE,0
S02_state,S19_CHW,SNN,NORMAL,SLOW,0
S02_state,S19_CHW,SNN,NORMAL,SLOW,0
S02_state,S19_CHW,SNN,NORMAL,SLOW,0
S02_state,S19_CHW,SNN,NORMAL,POST_HOLD,0
S02_state,S19_CHW,SNN,NORMAL,POST_EXERCISE,0
S02_state,S19_CHW,SNN,NORMAL,HOLD,0
S02_state,S19_CHW,SNN,SLOW,HOLD,0
S02_state,S19_CHW,SNN,SLOW,HOLD,0
S02_state,S19_CHW,SNN,SLOW,NORMAL,0
S02_state,S19_CHW,SNN,SLOW,NORMAL,0
S02_state,S19_CHW,SNN,SLOW,POST_HOLD,0
S02_state,S19_CHW,SNN,SLOW,POST_HOLD,0
S02_state,S19_CHW,SNN,SLOW,NORMAL,0
S02_state,S19_CHW,SNN,SLOW,POST_HOLD,0
S02_state,S19_CHW,SNN,SLOW,POST_HOLD,0
S02_state,S19_CHW,SNN,HOLD,HOLD,1
S02_state,S19_CHW,SNN,HOLD,HOLD,1
S02_state,S19_CHW,SNN,HOLD,NORMAL,0
S02_state,S19_CHW,SNN,HOLD,NORMAL,0
S02_state,S19_CHW,SNN,HOLD,NORMAL,0
S02_state,S19_CHW,SNN,POST_HOLD,SLOW,0
S02_state,S19_CHW,SNN,POST_HOLD,SLOW,0
S02_state,S19_CHW,SNN,POST_HOLD,SLOW,0
S02_state,S19_CHW,SNN,POST_HOLD,SLOW,0
S02_state,S19_CHW,SNN,POST_HOLD,NORMAL,0
S02_state,S19_CHW,SNN,POST_HOLD,SLOW,0
S02_state,S19_CHW,SNN,POST_HOLD,HOLD,0
S02_state,S19_CHW,SNN,POST_HOLD,POST_HOLD,1
S02_state,S19_CHW,SNN,POST_HOLD,POST_EXERCISE,0
S02_state,S19_CHW,SNN,SQUAT,SQUAT,1
S02_state,S19_CHW,SNN,SQUAT,SQUAT,1
S02_state,S19_CHW,SNN,SQUAT,SQUAT,1
S02_state,S19_CHW,SNN,SQUAT,SQUAT,1
S02_state,S19_CHW,SNN,SQUAT,SQUAT,1
S02_state,S19_CHW,SNN,SQUAT,SQUAT,1
S02_state,S19_CHW,SNN,SQUAT,SQUAT,1
S02_state,S19_CHW,SNN,SQUAT,SQUAT,1
S02_state,S19_CHW,SNN,SQUAT,SQUAT,1
S02_state,S19_CHW,SNN,POST_EXERCISE,POST_EXERCISE,1
S02_state,S19_CHW,SNN,POST_EXERCISE,POST_EXERCISE,1
S02_state,S19_CHW,SNN,POST_EXERCISE,POST_EXERCISE,1
S02_state,S19_CHW,SNN,POST_EXERCISE,POST_EXERCISE,1
S02_state,S19_CHW,SNN,POST_EXERCISE,POST_EXERCISE,1
S02_state,S19_CHW,SNN,POST_EXERCISE,POST_EXERCISE,1
S02_state,S19_CHW,SNN,POST_EXERCISE,POST_EXERCISE,1
S02_state,S19_CHW,SNN,POST_EXERCISE,SLOW,0
S02_state,S19_CHW,SNN,POST_EXERCISE,NORMAL,0
S02_state,S19_CHW,ANN,NORMAL,HOLD,0
S02_state,S19_CHW,ANN,NORMAL,HOLD,0
S02_state,S19_CHW,ANN,NORMAL,HOLD,0
S02_state,S19_CHW,ANN,NORMAL,HOLD,0
S02_state,S19_CHW,ANN,NORMAL,HOLD,0
S02_state,S19_CHW,ANN,NORMAL,NORMAL,1
S02_state,S19_CHW,ANN,NORMAL,POST_HOLD,0
S02_state,S19_CHW,ANN,NORMAL,POST_HOLD,0
S02_state,S19_CHW,ANN,NORMAL,NORMAL,1
S02_state,S19_CHW,ANN,SLOW,POST_HOLD,0
S02_state,S19_CHW,ANN,SLOW,SLOW,1
S02_state,S19_CHW,ANN,SLOW,POST_HOLD,0
S02_state,S19_CHW,ANN,SLOW,SLOW,1
S02_state,S19_CHW,ANN,SLOW,POST_HOLD,0
S02_state,S19_CHW,ANN,SLOW,POST_HOLD,0
S02_state,S19_CHW,ANN,SLOW,SLOW,1
S02_state,S19_CHW,ANN,SLOW,POST_HOLD,0
S02_state,S19_CHW,ANN,SLOW,POST_HOLD,0
S02_state,S19_CHW,ANN,HOLD,NORMAL,0
S02_state,S19_CHW,ANN,HOLD,HOLD,1
S02_state,S19_CHW,ANN,HOLD,NORMAL,0
S02_state,S19_CHW,ANN,HOLD,HOLD,1
S02_state,S19_CHW,ANN,HOLD,HOLD,1
S02_state,S19_CHW,ANN,POST_HOLD,NORMAL,0
S02_state,S19_CHW,ANN,POST_HOLD,HOLD,0
S02_state,S19_CHW,ANN,POST_HOLD,POST_HOLD,1
S02_state,S19_CHW,ANN,POST_HOLD,HOLD,0
S02_state,S19_CHW,ANN,POST_HOLD,POST_EXERCISE,0
S02_state,S19_CHW,ANN,POST_HOLD,SLOW,0
S02_state,S19_CHW,ANN,POST_HOLD,NORMAL,0
S02_state,S19_CHW,ANN,POST_HOLD,NORMAL,0
S02_state,S19_CHW,ANN,POST_HOLD,POST_EXERCISE,0
S02_state,S19_CHW,ANN,SQUAT,SQUAT,1
S02_state,S19_CHW,ANN,SQUAT,SQUAT,1
S02_state,S19_CHW,ANN,SQUAT,SQUAT,1
S02_state,S19_CHW,ANN,SQUAT,SQUAT,1
S02_state,S19_CHW,ANN,SQUAT,SQUAT,1
S02_state,S19_CHW,ANN,SQUAT,SQUAT,1
S02_state,S19_CHW,ANN,SQUAT,SQUAT,1
S02_state,S19_CHW,ANN,SQUAT,SQUAT,1
S02_state,S19_CHW,ANN,SQUAT,SQUAT,1
S02_state,S19_CHW,ANN,POST_EXERCISE,POST_HOLD,0
S02_state,S19_CHW,ANN,POST_EXERCISE,POST_EXERCISE,1
S02_state,S19_CHW,ANN,POST_EXERCISE,POST_EXERCISE,1
S02_state,S19_CHW,ANN,POST_EXERCISE,POST_HOLD,0
S02_state,S19_CHW,ANN,POST_EXERCISE,POST_EXERCISE,1
S02_state,S19_CHW,ANN,POST_EXERCISE,POST_EXERCISE,1
S02_state,S19_CHW,ANN,POST_EXERCISE,POST_EXERCISE,1
S02_state,S19_CHW,ANN,POST_EXERCISE,NORMAL,0
S02_state,S19_CHW,ANN,POST_EXERCISE,POST_EXERCISE,1
S02_state,S21_PSJ,SNN,NORMAL,NORMAL,1
S02_state,S21_PSJ,SNN,NORMAL,NORMAL,1
S02_state,S21_PSJ,SNN,NORMAL,SQUAT,0
S02_state,S21_PSJ,SNN,NORMAL,SQUAT,0
S02_state,S21_PSJ,SNN,NORMAL,NORMAL,1
S02_state,S21_PSJ,SNN,NORMAL,HOLD,0
S02_state,S21_PSJ,SNN,NORMAL,NORMAL,1
S02_state,S21_PSJ,SNN,NORMAL,NORMAL,1
S02_state,S21_PSJ,SNN,NORMAL,POST_EXERCISE,0
S02_state,S21_PSJ,SNN,SLOW,NORMAL,0
S02_state,S21_PSJ,SNN,SLOW,POST_EXERCISE,0
S02_state,S21_PSJ,SNN,SLOW,POST_EXERCISE,0
S02_state,S21_PSJ,SNN,SLOW,SQUAT,0
S02_state,S21_PSJ,SNN,SLOW,SQUAT,0
S02_state,S21_PSJ,SNN,SLOW,SQUAT,0
S02_state,S21_PSJ,SNN,SLOW,POST_HOLD,0
S02_state,S21_PSJ,SNN,SLOW,POST_EXERCISE,0
S02_state,S21_PSJ,SNN,SLOW,SLOW,1
S02_state,S21_PSJ,SNN,HOLD,SQUAT,0
S02_state,S21_PSJ,SNN,HOLD,SLOW,0
S02_state,S21_PSJ,SNN,HOLD,NORMAL,0
S02_state,S21_PSJ,SNN,HOLD,SLOW,0
S02_state,S21_PSJ,SNN,POST_HOLD,NORMAL,0
S02_state,S21_PSJ,SNN,POST_HOLD,POST_EXERCISE,0
S02_state,S21_PSJ,SNN,POST_HOLD,POST_HOLD,1
S02_state,S21_PSJ,SNN,POST_HOLD,POST_HOLD,1
S02_state,S21_PSJ,SNN,POST_HOLD,POST_EXERCISE,0
S02_state,S21_PSJ,SNN,POST_HOLD,POST_HOLD,1
S02_state,S21_PSJ,SNN,POST_HOLD,SLOW,0
S02_state,S21_PSJ,SNN,POST_HOLD,POST_HOLD,1
S02_state,S21_PSJ,SNN,POST_HOLD,NORMAL,0
S02_state,S21_PSJ,SNN,SQUAT,SQUAT,1
S02_state,S21_PSJ,SNN,SQUAT,SQUAT,1
S02_state,S21_PSJ,SNN,SQUAT,SQUAT,1
S02_state,S21_PSJ,SNN,SQUAT,SQUAT,1
S02_state,S21_PSJ,SNN,SQUAT,SQUAT,1
S02_state,S21_PSJ,SNN,SQUAT,SQUAT,1
S02_state,S21_PSJ,SNN,SQUAT,SQUAT,1
S02_state,S21_PSJ,SNN,SQUAT,SQUAT,1
S02_state,S21_PSJ,SNN,SQUAT,SQUAT,1
S02_state,S21_PSJ,SNN,POST_EXERCISE,POST_EXERCISE,1
S02_state,S21_PSJ,SNN,POST_EXERCISE,POST_EXERCISE,1
S02_state,S21_PSJ,SNN,POST_EXERCISE,POST_EXERCISE,1
S02_state,S21_PSJ,SNN,POST_EXERCISE,POST_EXERCISE,1
S02_state,S21_PSJ,SNN,POST_EXERCISE,SQUAT,0
S02_state,S21_PSJ,SNN,POST_EXERCISE,POST_EXERCISE,1
S02_state,S21_PSJ,SNN,POST_EXERCISE,POST_EXERCISE,1
S02_state,S21_PSJ,SNN,POST_EXERCISE,POST_EXERCISE,1
S02_state,S21_PSJ,SNN,POST_EXERCISE,POST_EXERCISE,1
S02_state,S21_PSJ,ANN,NORMAL,POST_HOLD,0
S02_state,S21_PSJ,ANN,NORMAL,POST_HOLD,0
S02_state,S21_PSJ,ANN,NORMAL,POST_HOLD,0
S02_state,S21_PSJ,ANN,NORMAL,NORMAL,1
S02_state,S21_PSJ,ANN,NORMAL,NORMAL,1
S02_state,S21_PSJ,ANN,NORMAL,SLOW,0
S02_state,S21_PSJ,ANN,NORMAL,POST_HOLD,0
S02_state,S21_PSJ,ANN,NORMAL,NORMAL,1
S02_state,S21_PSJ,ANN,NORMAL,POST_EXERCISE,0
S02_state,S21_PSJ,ANN,SLOW,POST_HOLD,0
S02_state,S21_PSJ,ANN,SLOW,POST_EXERCISE,0
S02_state,S21_PSJ,ANN,SLOW,POST_EXERCISE,0
S02_state,S21_PSJ,ANN,SLOW,POST_EXERCISE,0
S02_state,S21_PSJ,ANN,SLOW,POST_EXERCISE,0
S02_state,S21_PSJ,ANN,SLOW,POST_EXERCISE,0
S02_state,S21_PSJ,ANN,SLOW,POST_EXERCISE,0
S02_state,S21_PSJ,ANN,SLOW,POST_EXERCISE,0
S02_state,S21_PSJ,ANN,SLOW,POST_EXERCISE,0
S02_state,S21_PSJ,ANN,HOLD,SLOW,0
S02_state,S21_PSJ,ANN,HOLD,NORMAL,0
S02_state,S21_PSJ,ANN,HOLD,POST_EXERCISE,0
S02_state,S21_PSJ,ANN,HOLD,POST_EXERCISE,0
S02_state,S21_PSJ,ANN,POST_HOLD,NORMAL,0
S02_state,S21_PSJ,ANN,POST_HOLD,POST_HOLD,1
S02_state,S21_PSJ,ANN,POST_HOLD,POST_HOLD,1
S02_state,S21_PSJ,ANN,POST_HOLD,POST_HOLD,1
S02_state,S21_PSJ,ANN,POST_HOLD,POST_EXERCISE,0
S02_state,S21_PSJ,ANN,POST_HOLD,NORMAL,0
S02_state,S21_PSJ,ANN,POST_HOLD,NORMAL,0
S02_state,S21_PSJ,ANN,POST_HOLD,POST_HOLD,1
S02_state,S21_PSJ,ANN,POST_HOLD,POST_HOLD,1
S02_state,S21_PSJ,ANN,SQUAT,SQUAT,1
S02_state,S21_PSJ,ANN,SQUAT,SQUAT,1
S02_state,S21_PSJ,ANN,SQUAT,SQUAT,1
S02_state,S21_PSJ,ANN,SQUAT,SQUAT,1
S02_state,S21_PSJ,ANN,SQUAT,SQUAT,1
S02_state,S21_PSJ,ANN,SQUAT,SQUAT,1
S02_state,S21_PSJ,ANN,SQUAT,SQUAT,1
S02_state,S21_PSJ,ANN,SQUAT,SQUAT,1
S02_state,S21_PSJ,ANN,SQUAT,SQUAT,1
S02_state,S21_PSJ,ANN,POST_EXERCISE,POST_EXERCISE,1
S02_state,S21_PSJ,ANN,POST_EXERCISE,POST_EXERCISE,1
S02_state,S21_PSJ,ANN,POST_EXERCISE,POST_EXERCISE,1
S02_state,S21_PSJ,ANN,POST_EXERCISE,POST_EXERCISE,1
S02_state,S21_PSJ,ANN,POST_EXERCISE,POST_EXERCISE,1
S02_state,S21_PSJ,ANN,POST_EXERCISE,POST_EXERCISE,1
S02_state,S21_PSJ,ANN,POST_EXERCISE,POST_EXERCISE,1
S02_state,S21_PSJ,ANN,POST_EXERCISE,POST_EXERCISE,1
S02_state,S21_PSJ,ANN,POST_EXERCISE,POST_EXERCISE,1
S02_state,S23_KDM,SNN,NORMAL,POST_HOLD,0
S02_state,S23_KDM,SNN,NORMAL,SLOW,0
S02_state,S23_KDM,SNN,NORMAL,SLOW,0
S02_state,S23_KDM,SNN,NORMAL,SLOW,0
S02_state,S23_KDM,SNN,NORMAL,SLOW,0
S02_state,S23_KDM,SNN,NORMAL,SLOW,0
S02_state,S23_KDM,SNN,NORMAL,POST_HOLD,0
S02_state,S23_KDM,SNN,NORMAL,POST_HOLD,0
S02_state,S23_KDM,SNN,NORMAL,POST_EXERCISE,0
S02_state,S23_KDM,SNN,SLOW,SLOW,1
S02_state,S23_KDM,SNN,SLOW,POST_EXERCISE,0
S02_state,S23_KDM,SNN,SLOW,NORMAL,0
S02_state,S23_KDM,SNN,SLOW,POST_HOLD,0
S02_state,S23_KDM,SNN,SLOW,NORMAL,0
S02_state,S23_KDM,SNN,SLOW,POST_HOLD,0
S02_state,S23_KDM,SNN,SLOW,SLOW,1
S02_state,S23_KDM,SNN,SLOW,NORMAL,0
S02_state,S23_KDM,SNN,SLOW,POST_EXERCISE,0
S02_state,S23_KDM,SNN,HOLD,HOLD,1
S02_state,S23_KDM,SNN,HOLD,NORMAL,0
S02_state,S23_KDM,SNN,HOLD,SLOW,0
S02_state,S23_KDM,SNN,HOLD,SLOW,0
S02_state,S23_KDM,SNN,HOLD,SLOW,0
S02_state,S23_KDM,SNN,POST_HOLD,SLOW,0
S02_state,S23_KDM,SNN,POST_HOLD,SLOW,0
S02_state,S23_KDM,SNN,POST_HOLD,POST_EXERCISE,0
S02_state,S23_KDM,SNN,POST_HOLD,SLOW,0
S02_state,S23_KDM,SNN,POST_HOLD,SLOW,0
S02_state,S23_KDM,SNN,POST_HOLD,SLOW,0
S02_state,S23_KDM,SNN,POST_HOLD,POST_HOLD,1
S02_state,S23_KDM,SNN,POST_HOLD,SLOW,0
S02_state,S23_KDM,SNN,POST_HOLD,SLOW,0
S02_state,S23_KDM,SNN,SQUAT,SQUAT,1
S02_state,S23_KDM,SNN,SQUAT,SQUAT,1
S02_state,S23_KDM,SNN,SQUAT,SQUAT,1
S02_state,S23_KDM,SNN,SQUAT,SQUAT,1
S02_state,S23_KDM,SNN,SQUAT,SQUAT,1
S02_state,S23_KDM,SNN,SQUAT,SQUAT,1
S02_state,S23_KDM,SNN,SQUAT,SQUAT,1
S02_state,S23_KDM,SNN,SQUAT,SQUAT,1
S02_state,S23_KDM,SNN,SQUAT,SQUAT,1
S02_state,S23_KDM,SNN,POST_EXERCISE,POST_EXERCISE,1
S02_state,S23_KDM,SNN,POST_EXERCISE,POST_EXERCISE,1
S02_state,S23_KDM,SNN,POST_EXERCISE,POST_EXERCISE,1
S02_state,S23_KDM,SNN,POST_EXERCISE,SLOW,0
S02_state,S23_KDM,SNN,POST_EXERCISE,POST_EXERCISE,1
S02_state,S23_KDM,SNN,POST_EXERCISE,POST_EXERCISE,1
S02_state,S23_KDM,SNN,POST_EXERCISE,POST_HOLD,0
S02_state,S23_KDM,SNN,POST_EXERCISE,SLOW,0
S02_state,S23_KDM,SNN,POST_EXERCISE,SLOW,0
S02_state,S23_KDM,ANN,NORMAL,HOLD,0
S02_state,S23_KDM,ANN,NORMAL,POST_HOLD,0
S02_state,S23_KDM,ANN,NORMAL,POST_HOLD,0
S02_state,S23_KDM,ANN,NORMAL,SLOW,0
S02_state,S23_KDM,ANN,NORMAL,HOLD,0
S02_state,S23_KDM,ANN,NORMAL,HOLD,0
S02_state,S23_KDM,ANN,NORMAL,HOLD,0
S02_state,S23_KDM,ANN,NORMAL,POST_EXERCISE,0
S02_state,S23_KDM,ANN,NORMAL,POST_HOLD,0
S02_state,S23_KDM,ANN,SLOW,POST_HOLD,0
S02_state,S23_KDM,ANN,SLOW,POST_EXERCISE,0
S02_state,S23_KDM,ANN,SLOW,HOLD,0
S02_state,S23_KDM,ANN,SLOW,SLOW,1
S02_state,S23_KDM,ANN,SLOW,NORMAL,0
S02_state,S23_KDM,ANN,SLOW,HOLD,0
S02_state,S23_KDM,ANN,SLOW,POST_HOLD,0
S02_state,S23_KDM,ANN,SLOW,SLOW,1
S02_state,S23_KDM,ANN,SLOW,HOLD,0
S02_state,S23_KDM,ANN,HOLD,NORMAL,0
S02_state,S23_KDM,ANN,HOLD,HOLD,1
S02_state,S23_KDM,ANN,HOLD,HOLD,1
S02_state,S23_KDM,ANN,HOLD,HOLD,1
S02_state,S23_KDM,ANN,HOLD,HOLD,1
S02_state,S23_KDM,ANN,POST_HOLD,POST_HOLD,1
S02_state,S23_KDM,ANN,POST_HOLD,POST_HOLD,1
S02_state,S23_KDM,ANN,POST_HOLD,POST_HOLD,1
S02_state,S23_KDM,ANN,POST_HOLD,HOLD,0
S02_state,S23_KDM,ANN,POST_HOLD,POST_HOLD,1
S02_state,S23_KDM,ANN,POST_HOLD,POST_HOLD,1
S02_state,S23_KDM,ANN,POST_HOLD,SLOW,0
S02_state,S23_KDM,ANN,POST_HOLD,POST_HOLD,1
S02_state,S23_KDM,ANN,POST_HOLD,POST_HOLD,1
S02_state,S23_KDM,ANN,SQUAT,SQUAT,1
S02_state,S23_KDM,ANN,SQUAT,SQUAT,1
S02_state,S23_KDM,ANN,SQUAT,SQUAT,1
S02_state,S23_KDM,ANN,SQUAT,SQUAT,1
S02_state,S23_KDM,ANN,SQUAT,SQUAT,1
S02_state,S23_KDM,ANN,SQUAT,SQUAT,1
S02_state,S23_KDM,ANN,SQUAT,SQUAT,1
S02_state,S23_KDM,ANN,SQUAT,SQUAT,1
S02_state,S23_KDM,ANN,SQUAT,SQUAT,1
S02_state,S23_KDM,ANN,POST_EXERCISE,NORMAL,0
S02_state,S23_KDM,ANN,POST_EXERCISE,SLOW,0
S02_state,S23_KDM,ANN,POST_EXERCISE,POST_EXERCISE,1
S02_state,S23_KDM,ANN,POST_EXERCISE,POST_EXERCISE,1
S02_state,S23_KDM,ANN,POST_EXERCISE,POST_EXERCISE,1
S02_state,S23_KDM,ANN,POST_EXERCISE,POST_EXERCISE,1
S02_state,S23_KDM,ANN,POST_EXERCISE,POST_HOLD,0
S02_state,S23_KDM,ANN,POST_EXERCISE,POST_HOLD,0
S02_state,S23_KDM,ANN,POST_EXERCISE,POST_HOLD,0
S02_state,S26_LDW,SNN,NORMAL,POST_HOLD,0
S02_state,S26_LDW,SNN,NORMAL,POST_HOLD,0
S02_state,S26_LDW,SNN,NORMAL,POST_HOLD,0
S02_state,S26_LDW,SNN,NORMAL,POST_HOLD,0
S02_state,S26_LDW,SNN,NORMAL,POST_HOLD,0
S02_state,S26_LDW,SNN,NORMAL,POST_HOLD,0
S02_state,S26_LDW,SNN,NORMAL,SLOW,0
S02_state,S26_LDW,SNN,NORMAL,NORMAL,1
S02_state,S26_LDW,SNN,NORMAL,SLOW,0
S02_state,S26_LDW,SNN,SLOW,SLOW,1
S02_state,S26_LDW,SNN,SLOW,POST_HOLD,0
S02_state,S26_LDW,SNN,SLOW,POST_HOLD,0
S02_state,S26_LDW,SNN,SLOW,POST_HOLD,0
S02_state,S26_LDW,SNN,SLOW,POST_HOLD,0
S02_state,S26_LDW,SNN,SLOW,POST_HOLD,0
S02_state,S26_LDW,SNN,SLOW,POST_HOLD,0
S02_state,S26_LDW,SNN,SLOW,POST_HOLD,0
S02_state,S26_LDW,SNN,SLOW,POST_HOLD,0
S02_state,S26_LDW,SNN,HOLD,NORMAL,0
S02_state,S26_LDW,SNN,HOLD,NORMAL,0
S02_state,S26_LDW,SNN,HOLD,POST_HOLD,0
S02_state,S26_LDW,SNN,HOLD,POST_HOLD,0
S02_state,S26_LDW,SNN,HOLD,POST_HOLD,0
S02_state,S26_LDW,SNN,POST_HOLD,POST_HOLD,1
S02_state,S26_LDW,SNN,POST_HOLD,NORMAL,0
S02_state,S26_LDW,SNN,POST_HOLD,NORMAL,0
S02_state,S26_LDW,SNN,POST_HOLD,NORMAL,0
S02_state,S26_LDW,SNN,POST_HOLD,NORMAL,0
S02_state,S26_LDW,SNN,POST_HOLD,POST_HOLD,1
S02_state,S26_LDW,SNN,POST_HOLD,NORMAL,0
S02_state,S26_LDW,SNN,POST_HOLD,POST_HOLD,1
S02_state,S26_LDW,SNN,POST_HOLD,POST_HOLD,1
S02_state,S26_LDW,SNN,SQUAT,SQUAT,1
S02_state,S26_LDW,SNN,SQUAT,SQUAT,1
S02_state,S26_LDW,SNN,SQUAT,SQUAT,1
S02_state,S26_LDW,SNN,SQUAT,SQUAT,1
S02_state,S26_LDW,SNN,SQUAT,SQUAT,1
S02_state,S26_LDW,SNN,SQUAT,SQUAT,1
S02_state,S26_LDW,SNN,SQUAT,SQUAT,1
S02_state,S26_LDW,SNN,SQUAT,SQUAT,1
S02_state,S26_LDW,SNN,SQUAT,SQUAT,1
S02_state,S26_LDW,SNN,POST_EXERCISE,NORMAL,0
S02_state,S26_LDW,SNN,POST_EXERCISE,HOLD,0
S02_state,S26_LDW,SNN,POST_EXERCISE,HOLD,0
S02_state,S26_LDW,SNN,POST_EXERCISE,POST_HOLD,0
S02_state,S26_LDW,SNN,POST_EXERCISE,HOLD,0
S02_state,S26_LDW,SNN,POST_EXERCISE,POST_HOLD,0
S02_state,S26_LDW,SNN,POST_EXERCISE,HOLD,0
S02_state,S26_LDW,SNN,POST_EXERCISE,HOLD,0
S02_state,S26_LDW,SNN,POST_EXERCISE,NORMAL,0
S02_state,S26_LDW,ANN,NORMAL,POST_HOLD,0
S02_state,S26_LDW,ANN,NORMAL,POST_HOLD,0
S02_state,S26_LDW,ANN,NORMAL,POST_HOLD,0
S02_state,S26_LDW,ANN,NORMAL,POST_HOLD,0
S02_state,S26_LDW,ANN,NORMAL,POST_HOLD,0
S02_state,S26_LDW,ANN,NORMAL,POST_HOLD,0
S02_state,S26_LDW,ANN,NORMAL,POST_HOLD,0
S02_state,S26_LDW,ANN,NORMAL,POST_HOLD,0
S02_state,S26_LDW,ANN,NORMAL,POST_HOLD,0
S02_state,S26_LDW,ANN,SLOW,SLOW,1
S02_state,S26_LDW,ANN,SLOW,POST_HOLD,0
S02_state,S26_LDW,ANN,SLOW,POST_HOLD,0
S02_state,S26_LDW,ANN,SLOW,POST_HOLD,0
S02_state,S26_LDW,ANN,SLOW,POST_HOLD,0
S02_state,S26_LDW,ANN,SLOW,SLOW,1
S02_state,S26_LDW,ANN,SLOW,SLOW,1
S02_state,S26_LDW,ANN,SLOW,POST_HOLD,0
S02_state,S26_LDW,ANN,SLOW,POST_HOLD,0
S02_state,S26_LDW,ANN,HOLD,SLOW,0
S02_state,S26_LDW,ANN,HOLD,POST_HOLD,0
S02_state,S26_LDW,ANN,HOLD,POST_HOLD,0
S02_state,S26_LDW,ANN,HOLD,POST_HOLD,0
S02_state,S26_LDW,ANN,HOLD,POST_HOLD,0
S02_state,S26_LDW,ANN,POST_HOLD,SLOW,0
S02_state,S26_LDW,ANN,POST_HOLD,SLOW,0
S02_state,S26_LDW,ANN,POST_HOLD,POST_HOLD,1
S02_state,S26_LDW,ANN,POST_HOLD,SLOW,0
S02_state,S26_LDW,ANN,POST_HOLD,SLOW,0
S02_state,S26_LDW,ANN,POST_HOLD,SLOW,0
S02_state,S26_LDW,ANN,POST_HOLD,POST_HOLD,1
S02_state,S26_LDW,ANN,POST_HOLD,POST_HOLD,1
S02_state,S26_LDW,ANN,POST_HOLD,POST_HOLD,1
S02_state,S26_LDW,ANN,SQUAT,SQUAT,1
S02_state,S26_LDW,ANN,SQUAT,POST_EXERCISE,0
S02_state,S26_LDW,ANN,SQUAT,SQUAT,1
S02_state,S26_LDW,ANN,SQUAT,SQUAT,1
S02_state,S26_LDW,ANN,SQUAT,SQUAT,1
S02_state,S26_LDW,ANN,SQUAT,SQUAT,1
S02_state,S26_LDW,ANN,SQUAT,SQUAT,1
S02_state,S26_LDW,ANN,SQUAT,SQUAT,1
S02_state,S26_LDW,ANN,SQUAT,POST_EXERCISE,0
S02_state,S26_LDW,ANN,POST_EXERCISE,SLOW,0
S02_state,S26_LDW,ANN,POST_EXERCISE,SLOW,0
S02_state,S26_LDW,ANN,POST_EXERCISE,SLOW,0
S02_state,S26_LDW,ANN,POST_EXERCISE,POST_HOLD,0
S02_state,S26_LDW,ANN,POST_EXERCISE,POST_HOLD,0
S02_state,S26_LDW,ANN,POST_EXERCISE,HOLD,0
S02_state,S26_LDW,ANN,POST_EXERCISE,SLOW,0
S02_state,S26_LDW,ANN,POST_EXERCISE,NORMAL,0
S02_state,S26_LDW,ANN,POST_EXERCISE,SLOW,0
S02_state,S28_KDH,SNN,NORMAL,POST_EXERCISE,0
S02_state,S28_KDH,SNN,NORMAL,POST_EXERCISE,0
S02_state,S28_KDH,SNN,NORMAL,POST_EXERCISE,0
S02_state,S28_KDH,SNN,NORMAL,POST_EXERCISE,0
S02_state,S28_KDH,SNN,NORMAL,POST_EXERCISE,0
S02_state,S28_KDH,SNN,NORMAL,NORMAL,1
S02_state,S28_KDH,SNN,NORMAL,POST_EXERCISE,0
S02_state,S28_KDH,SNN,NORMAL,POST_EXERCISE,0
S02_state,S28_KDH,SNN,NORMAL,POST_EXERCISE,0
S02_state,S28_KDH,SNN,SLOW,POST_EXERCISE,0
S02_state,S28_KDH,SNN,SLOW,POST_EXERCISE,0
S02_state,S28_KDH,SNN,SLOW,POST_EXERCISE,0
S02_state,S28_KDH,SNN,SLOW,POST_EXERCISE,0
S02_state,S28_KDH,SNN,SLOW,POST_EXERCISE,0
S02_state,S28_KDH,SNN,SLOW,POST_EXERCISE,0
S02_state,S28_KDH,SNN,SLOW,POST_EXERCISE,0
S02_state,S28_KDH,SNN,SLOW,POST_EXERCISE,0
S02_state,S28_KDH,SNN,SLOW,POST_EXERCISE,0
S02_state,S28_KDH,SNN,HOLD,POST_EXERCISE,0
S02_state,S28_KDH,SNN,HOLD,POST_EXERCISE,0
S02_state,S28_KDH,SNN,HOLD,POST_EXERCISE,0
S02_state,S28_KDH,SNN,HOLD,POST_EXERCISE,0
S02_state,S28_KDH,SNN,HOLD,POST_EXERCISE,0
S02_state,S28_KDH,SNN,POST_HOLD,POST_EXERCISE,0
S02_state,S28_KDH,SNN,POST_HOLD,POST_EXERCISE,0
S02_state,S28_KDH,SNN,POST_HOLD,POST_HOLD,1
S02_state,S28_KDH,SNN,POST_HOLD,POST_EXERCISE,0
S02_state,S28_KDH,SNN,POST_HOLD,POST_EXERCISE,0
S02_state,S28_KDH,SNN,POST_HOLD,POST_EXERCISE,0
S02_state,S28_KDH,SNN,POST_HOLD,POST_EXERCISE,0
S02_state,S28_KDH,SNN,POST_HOLD,POST_EXERCISE,0
S02_state,S28_KDH,SNN,POST_HOLD,POST_EXERCISE,0
S02_state,S28_KDH,SNN,SQUAT,SQUAT,1
S02_state,S28_KDH,SNN,SQUAT,SQUAT,1
S02_state,S28_KDH,SNN,SQUAT,SQUAT,1
S02_state,S28_KDH,SNN,SQUAT,SQUAT,1
S02_state,S28_KDH,SNN,SQUAT,SQUAT,1
S02_state,S28_KDH,SNN,SQUAT,SQUAT,1
S02_state,S28_KDH,SNN,SQUAT,SQUAT,1
S02_state,S28_KDH,SNN,SQUAT,SQUAT,1
S02_state,S28_KDH,SNN,SQUAT,SQUAT,1
S02_state,S28_KDH,SNN,POST_EXERCISE,POST_EXERCISE,1
S02_state,S28_KDH,SNN,POST_EXERCISE,POST_EXERCISE,1
S02_state,S28_KDH,SNN,POST_EXERCISE,POST_EXERCISE,1
S02_state,S28_KDH,SNN,POST_EXERCISE,POST_HOLD,0
S02_state,S28_KDH,SNN,POST_EXERCISE,POST_HOLD,0
S02_state,S28_KDH,SNN,POST_EXERCISE,POST_EXERCISE,1
S02_state,S28_KDH,SNN,POST_EXERCISE,POST_EXERCISE,1
S02_state,S28_KDH,SNN,POST_EXERCISE,POST_EXERCISE,1
S02_state,S28_KDH,SNN,POST_EXERCISE,POST_EXERCISE,1
S02_state,S28_KDH,ANN,NORMAL,POST_EXERCISE,0
S02_state,S28_KDH,ANN,NORMAL,POST_EXERCISE,0
S02_state,S28_KDH,ANN,NORMAL,POST_EXERCISE,0
S02_state,S28_KDH,ANN,NORMAL,POST_EXERCISE,0
S02_state,S28_KDH,ANN,NORMAL,POST_EXERCISE,0
S02_state,S28_KDH,ANN,NORMAL,POST_EXERCISE,0
S02_state,S28_KDH,ANN,NORMAL,POST_EXERCISE,0
S02_state,S28_KDH,ANN,NORMAL,POST_EXERCISE,0
S02_state,S28_KDH,ANN,NORMAL,POST_HOLD,0
S02_state,S28_KDH,ANN,SLOW,NORMAL,0
S02_state,S28_KDH,ANN,SLOW,NORMAL,0
S02_state,S28_KDH,ANN,SLOW,NORMAL,0
S02_state,S28_KDH,ANN,SLOW,SLOW,1
S02_state,S28_KDH,ANN,SLOW,SLOW,1
S02_state,S28_KDH,ANN,SLOW,POST_EXERCISE,0
S02_state,S28_KDH,ANN,SLOW,POST_HOLD,0
S02_state,S28_KDH,ANN,SLOW,NORMAL,0
S02_state,S28_KDH,ANN,SLOW,POST_EXERCISE,0
S02_state,S28_KDH,ANN,HOLD,POST_EXERCISE,0
S02_state,S28_KDH,ANN,HOLD,POST_EXERCISE,0
S02_state,S28_KDH,ANN,HOLD,SLOW,0
S02_state,S28_KDH,ANN,HOLD,SLOW,0
S02_state,S28_KDH,ANN,HOLD,SLOW,0
S02_state,S28_KDH,ANN,POST_HOLD,POST_EXERCISE,0
S02_state,S28_KDH,ANN,POST_HOLD,POST_EXERCISE,0
S02_state,S28_KDH,ANN,POST_HOLD,POST_HOLD,1
S02_state,S28_KDH,ANN,POST_HOLD,POST_EXERCISE,0
S02_state,S28_KDH,ANN,POST_HOLD,POST_HOLD,1
S02_state,S28_KDH,ANN,POST_HOLD,POST_EXERCISE,0
S02_state,S28_KDH,ANN,POST_HOLD,POST_EXERCISE,0
S02_state,S28_KDH,ANN,POST_HOLD,POST_EXERCISE,0
S02_state,S28_KDH,ANN,POST_HOLD,POST_EXERCISE,0
S02_state,S28_KDH,ANN,SQUAT,SQUAT,1
S02_state,S28_KDH,ANN,SQUAT,SQUAT,1
S02_state,S28_KDH,ANN,SQUAT,SQUAT,1
S02_state,S28_KDH,ANN,SQUAT,SQUAT,1
S02_state,S28_KDH,ANN,SQUAT,SQUAT,1
S02_state,S28_KDH,ANN,SQUAT,SQUAT,1
S02_state,S28_KDH,ANN,SQUAT,SQUAT,1
S02_state,S28_KDH,ANN,SQUAT,SQUAT,1
S02_state,S28_KDH,ANN,SQUAT,SQUAT,1
S02_state,S28_KDH,ANN,POST_EXERCISE,POST_EXERCISE,1
S02_state,S28_KDH,ANN,POST_EXERCISE,POST_EXERCISE,1
S02_state,S28_KDH,ANN,POST_EXERCISE,POST_EXERCISE,1
S02_state,S28_KDH,ANN,POST_EXERCISE,POST_EXERCISE,1
S02_state,S28_KDH,ANN,POST_EXERCISE,POST_HOLD,0
S02_state,S28_KDH,ANN,POST_EXERCISE,POST_HOLD,0
S02_state,S28_KDH,ANN,POST_EXERCISE,POST_HOLD,0
S02_state,S28_KDH,ANN,POST_EXERCISE,NORMAL,0
S02_state,S28_KDH,ANN,POST_EXERCISE,SLOW,0
