"subject","radar","recording","name","details"
"S02_RJS","1","xethru_recording_20260720_155237_S02_YJS_radar1","xethru_datafloat_20260720_155237.dat","xethru_datafloat_20260720_155237.dat
공유됨
7월 20일
36.8MB"
"S02_RJS","3","xethru_recording_20260720_155237_S02_YJS_radar3","xethru_datafloat_20260720_155237.dat","xethru_datafloat_20260720_155237.dat
공유됨
7월 20일
36.8MB"
"S03_PSJ","1","xethru_recording_20260721_142132_S03_PSJ_radar1","xethru_datafloat_20260721_142133.dat","xethru_datafloat_20260721_142133.dat
공유됨
7월 21일
42MB"
"S04_KTW","1","xethru_recording_20260721_153937_S04_KTW_radar1","xethru_datafloat_20260721_153937.dat","xethru_datafloat_20260721_153937.dat
공유됨
7월 21일
50.1MB"
"S04_KTW","2","xethru_recording_20260721_153937_S04_KTW_radar2","xethru_datafloat_20260721_153937.dat","xethru_datafloat_20260721_153937.dat
공유됨
7월 21일
50.1MB"
"S04_KTW","3","xethru_recording_20260721_153937_S04_KTW_radar3","xethru_datafloat_20260721_153937.dat","xethru_datafloat_20260721_153937.dat
공유됨
7월 21일
50.1MB"
"S05_LHS","1","xethru_recording_20260721_171833_S05_LHS_radar1","xethru_datafloat_20260721_171833.dat","xethru_datafloat_20260721_171833.dat
공유됨
7월 21일
42.9MB"
"S05_LHS","2","xethru_recording_20260721_171833_S05_LHS_radar2","xethru_datafloat_20260721_171833.dat","xethru_datafloat_20260721_171833.dat
공유됨
7월 21일
42.9MB"
"S06_LDW","3","xethru_recording_20260721_183929_S06_LDW_radar3","xethru_datafloat_20260721_183929.dat","xethru_datafloat_20260721_183929.dat
공유됨
7월 21일
41.7MB"
"S07_KDM","1","xethru_recording_20260721_194450_S07_KDM_radar1","xethru_datafloat_20260721_194450.dat","xethru_datafloat_20260721_194450.dat
공유됨
7월 21일
40.8MB"
"S09_HDH","3","xethru_recording_20260722_143910_S09_HDH_radar3","xethru_datafloat_20260722_143910.dat","xethru_datafloat_20260722_143910.dat
공유됨
7월 22일
43MB"
"S10_JKH","2","xethru_recording_20260722_162759_S10_JKH_radar2","xethru_datafloat_20260722_162759.dat","xethru_datafloat_20260722_162759.dat
공유됨
7월 22일
33.9MB"
"S11_SJE","2","xethru_recording_20260723_143258_S11_SJE_radar2","xethru_datafloat_20260723_143258.dat","xethru_datafloat_20260723_143258.dat
공유됨
7월 23일
41.5MB"
"S11_SJE","3","xethru_recording_20260723_143258_S11_SJE_radar3","xethru_datafloat_20260723_143258.dat","xethru_datafloat_20260723_143258.dat
공유됨
7월 23일
41.5MB"
"S12_KDH","1","xethru_recording_20260727_140413_S12_KDH_radar1","xethru_datafloat_20260727_140413.dat","xethru_datafloat_20260727_140413.dat
공유됨
7월 27일
42.5MB"
"S13_KTW","1","xethru_recording_20260727_155042_S13_KTW_radar1","xethru_datafloat_20260727_155042.dat","xethru_datafloat_20260727_155042.dat
공유됨
7월 27일
34MB"
"S14_MDO","2","xethru_recording_20260728_112321_S14_MDO_radar2","xethru_datafloat_20260728_112321.dat","xethru_datafloat_20260728_112321.dat
공유됨
7월 28일
32.3MB"
"S15_JKH","3","xethru_recording_20260728_124920_S15_JKH_radar3","xethru_datafloat_20260728_124920.dat","xethru_datafloat_20260728_124920.dat
공유됨
7월 28일
32.9MB"
"S16_LJH","1","xethru_recording_20260729_115716_S16_LJH_radar1","xethru_datafloat_20260729_115716.dat","xethru_datafloat_20260729_115716.dat
공유됨
7월 29일
42.7MB"
"S17_RJS","2","xethru_recording_20260729_130718_S17_PJS_radar2","xethru_datafloat_20260729_130718.dat","xethru_datafloat_20260729_130718.dat
공유됨
7월 29일
35.6MB"
"S18_LJH","1","xethru_recording_20260729_133421_S18_LJH_radar1","xethru_datafloat_20260729_133421.dat","xethru_datafloat_20260729_133421.dat
공유됨
7월 29일
32.7MB"
"S19_CHW","1","xethru_recording_20260730_131036_S19_CHW_radar1","xethru_datafloat_20260730_131036.dat","xethru_datafloat_20260730_131036.dat
공유됨
7월 30일
42.5MB"
"S19_CHW","2","xethru_recording_20260730_131036_S19_CHW_radar2","xethru_datafloat_20260730_131036.dat","xethru_datafloat_20260730_131036.dat
공유됨
7월 30일
42.5MB"
"S21_PSJ","1","xethru_recording_20260731_142133_S21_PSJ_radar1","xethru_datafloat_20260731_142133.dat","xethru_datafloat_20260731_142133.dat
공유됨
7월 31일
37.3MB"
"S21_PSJ","3","xethru_recording_20260731_142133_S21_PSJ_radar3","xethru_datafloat_20260731_142133.dat","xethru_datafloat_20260731_142133.dat
공유됨
7월 31일
37.3MB"
"S22_KJH","2","xethru_recording_20260731_150247_S22_KJH_radar2","xethru_datafloat_20260731_150247.dat","xethru_datafloat_20260731_150247.dat
공유됨
7월 31일
38.7MB"
"S22_KJH","3","xethru_recording_20260731_150247_S22_KJH_radar3","xethru_datafloat_20260731_150247.dat","xethru_datafloat_20260731_150247.dat
공유됨
7월 31일
38.7MB"
"S23_KDM","2","xethru_recording_20260803_131934_S23_KDM_radar2","xethru_datafloat_20260803_131934.dat","xethru_datafloat_20260803_131934.dat
공유됨
8월 3일
34.1MB"
"S25_GEC","1","xethru_recording_20260804_120256_S25_KUC_radar1","xethru_datafloat_20260804_120256.dat","xethru_datafloat_20260804_120256.dat
공유됨
8월 4일
39.1MB"
"S25_GEC","2","xethru_recording_20260804_120256_S25_KUC_radar2","xethru_datafloat_20260804_120256.dat","xethru_datafloat_20260804_120256.dat
공유됨
8월 4일
39.1MB"
"S25_GEC","3","xethru_recording_20260804_120256_S25_KUC_radar3","xethru_datafloat_20260804_120256.dat","xethru_datafloat_20260804_120256.dat
공유됨
8월 4일
39.1MB"
"S26_LDW","1","xethru_recording_20260804_130211_S26_LDW_radar1","xethru_datafloat_20260804_130211.dat","xethru_datafloat_20260804_130211.dat
공유됨
8월 4일
36.6MB"
"S26_LDW","2","xethru_recording_20260804_130211_S26_LDW_radar2","xethru_datafloat_20260804_130211.dat","xethru_datafloat_20260804_130211.dat
공유됨
8월 4일
36.6MB"
"S26_LDW","3","xethru_recording_20260804_130211_S26_LDW_radar3","xethru_datafloat_20260804_130211.dat","xethru_datafloat_20260804_130211.dat
공유됨
8월 4일
36.6MB"
"S27_HDH","1","xethru_recording_20260804_154420_S27_HDH_radar1","xethru_datafloat_20260804_154421.dat","xethru_datafloat_20260804_154421.dat
공유됨
8월 4일
35.1MB"
"S27_HDH","2","xethru_recording_20260804_154420_S27_HDH_radar2","xethru_datafloat_20260804_154421.dat","xethru_datafloat_20260804_154421.dat
공유됨
8월 4일
35.1MB"
"S27_HDH","3","xethru_recording_20260804_154420_S27_HDH_radar3","xethru_datafloat_20260804_154421.dat","xethru_datafloat_20260804_154421.dat
공유됨
8월 4일
35.1MB"
"S28_KDH","1","xethru_recording_20260805_135747_S28_KDH_radar1","xethru_datafloat_20260805_135747.dat","xethru_datafloat_20260805_135747.dat
공유됨
8월 5일
36.3MB"
"S28_KDH","3","xethru_recording_20260805_135747_S28_KDH_radar3","xethru_datafloat_20260805_135747.dat","xethru_datafloat_20260805_135747.dat
공유됨
8월 5일
36.3MB"
"S30_SJE","1","xethru_recording_20260806_135753_S30_SJE_radar1","xethru_datafloat_20260806_135753.dat","xethru_datafloat_20260806_135753.dat
공유됨
8월 6일
35.9MB"
"S30_SJE","2","xethru_recording_20260806_135753_S30_SJE_radar2","xethru_datafloat_20260806_135753.dat","xethru_datafloat_20260806_135753.dat
공유됨
8월 6일
35.9MB"
