subject,state,radar,start_s,end_s,duration_s,rsp_rr_bpm,ecg_hr_bpm,radar_rr_bpm,radar_hr_bpm,rr_abs_error,hr_abs_error,quality,motion_index,primary_bin,ghost_bin
S07_KDM,평소 호흡,1,286.1890000000001,336.1890000000001,50.0,15.58869824605152,94.33962264150944,6.231298738623238,54.51671243484629,9.357399507428282,39.822910206663146,0.030734999470874925,0.031215165356372532,13,88
S07_KDM,평소 호흡,2,286.1890000000001,336.1890000000001,50.0,15.58869824605152,94.33962264150944,6.810334433719505,45.802147582204746,8.778363812332014,48.53747505930469,0.009737906053868595,0.030431162667533193,64,81
S07_KDM,평소 호흡,3,286.1890000000001,336.1890000000001,50.0,15.58869824605152,94.33962264150944,6.717576542607862,45.1171875,8.871121703443658,49.222435141509436,0.020350630109153535,0.028548587396317857,14,81
S07_KDM,느린 호흡,1,346.1890000000001,396.1890000000001,50.0,5.960651659665556,87.71929824561403,6.507670326212484,45.1171875,0.5470186665469274,42.60211074561403,0.10391099269365103,0.031648521387829864,58,19
S07_KDM,느린 호흡,2,346.1890000000001,396.1890000000001,50.0,5.960651659665556,87.71929824561403,6.032609759978149,48.99876214878171,0.07195810031259242,38.72053609683232,0.04729921406845507,0.02900698139730233,19,80
S07_KDM,느린 호흡,3,346.1890000000001,396.1890000000001,50.0,5.960651659665556,87.71929824561403,5.941395662156933,52.32099620194618,0.0192559975086235,35.39830204366785,0.12697544601091032,0.02778982233517993,14,74
S07_KDM,숨 참기,1,403.1890000000001,430.1890000000001,27.0,5.4931640625,97.40259740259741,6.037057725322817,95.0885050020387,0.5438936628228168,2.3140924005587067,0.06429564322062996,0.0295960277865988,58,26
S07_KDM,숨 참기,2,403.1890000000001,430.1890000000001,27.0,5.4931640625,97.40259740259741,5.6641372671755486,92.96359715841186,0.17097320467554855,4.43900024418555,0.019651819101560872,0.029276144704363478,20,68
S07_KDM,숨 참기,3,403.1890000000001,430.1890000000001,27.0,5.4931640625,97.40259740259741,5.649044649615577,45.1171875,0.15588058711557728,52.28540990259741,0.12773410277385988,0.02775702553828501,13,17
S07_KDM,숨참기 후 호흡,1,436.1890000000001,486.1890000000001,50.0,11.413555375619262,91.74311926605505,11.399752182668426,45.66447195177985,0.013803192950836873,46.078647314275194,0.06090159547653499,0.029144227896720297,13,84
S07_KDM,숨참기 후 호흡,2,436.1890000000001,486.1890000000001,50.0,11.413555375619262,91.74311926605505,11.396685715282743,45.1171875,0.016869660336519487,46.62593176605505,0.013020436129920562,0.032211251813532606,46,38
S07_KDM,숨참기 후 호흡,3,436.1890000000001,486.1890000000001,50.0,11.413555375619262,91.74311926605505,11.227024458452263,57.35037404952269,0.18653091716699954,34.392745216532354,0.09932555322650148,0.030958891053784375,60,83
S07_KDM,운동 준비,1,491.1890000000001,506.1890000000001,15.0,9.256594579935046,104.16666666666667,7.788564988771601,95.50197634427586,1.468029591163445,8.664690322390811,0.0377894864132057,0.09487858723208559,63,36
S07_KDM,운동 준비,2,491.1890000000001,506.1890000000001,15.0,9.256594579935046,104.16666666666667,9.00039277328718,45.1171875,0.25620180664786574,59.04947916666667,0.005456648686516299,0.09252714955379017,46,63
S07_KDM,운동 준비,3,491.1890000000001,506.1890000000001,15.0,9.256594579935046,104.16666666666667,7.449666472967555,55.28172439177433,1.806928106967491,48.88494227489234,0.016342898126073004,0.16893510087998642,30,16
S07_KDM,스쿼트,1,506.1890000000001,566.1890000000001,60.0,21.861410948995356,119.5219123505976,4.98046875,45.1171875,16.880942198995356,74.4047248505976,0.050945875928260914,0.07499693676902136,15,23
S07_KDM,스쿼트,2,506.1890000000001,566.1890000000001,60.0,21.861410948995356,119.5219123505976,4.98046875,88.80210040571073,16.880942198995356,30.71981194488687,0.04147503946435024,0.08139584729013317,13,57
S07_KDM,스쿼트,3,506.1890000000001,566.1890000000001,60.0,21.861410948995356,119.5219123505976,4.98046875,46.80553526082233,16.880942198995356,72.71637708977528,0.038776644730026934,0.1580978554625211,30,16
S07_KDM,의자 착석,1,566.1890000000001,581.1890000000001,15.0,26.199255433985307,142.85714285714286,6.841881888148666,48.41155413387531,19.35737354583664,94.44558872326755,0.03728451886348864,0.06800638087078315,81,67
S07_KDM,의자 착석,2,566.1890000000001,581.1890000000001,15.0,26.199255433985307,142.85714285714286,7.182749800448756,47.08181447818917,19.01650563353655,95.77532837895369,0.014526915738067653,0.05694872690925795,14,40
S07_KDM,의자 착석,3,566.1890000000001,581.1890000000001,15.0,26.199255433985307,142.85714285714286,6.624441253548199,45.1171875,19.57481418043711,97.73995535714286,0.029996297717802822,0.07909550326486856,53,8
S07_KDM,운동 후 호흡,1,586.1890000000001,636.1890000000001,50.0,21.914336337118705,121.95121951219512,6.001704322875109,45.1171875,15.912632014243595,76.83403201219512,0.023138295364888362,0.03223443199016499,58,27
S07_KDM,운동 후 호흡,2,586.1890000000001,636.1890000000001,50.0,21.914336337118705,121.95121951219512,21.831634706255944,48.37660321325979,0.08270163086276128,73.57461629893533,0.030684836610113946,0.02947640688418858,64,30
S07_KDM,운동 후 호흡,3,586.1890000000001,636.1890000000001,50.0,21.914336337118705,121.95121951219512,5.829613438591147,45.34876784475934,16.08472289852756,76.60245166743579,0.012515095706194915,0.031254719766247926,59,40
S08_MDO,평소 호흡,1,278.17,328.17,50.0,18.438412135675282,84.74576271186442,5.4806689428650435,47.52190524700004,12.957743192810238,37.22385746486437,0.05622807607651127,0.031204141591562175,13,62
S08_MDO,평소 호흡,2,278.17,328.17,50.0,18.438412135675282,84.74576271186442,5.410882900968848,48.236840464338925,13.027529234706435,36.50892224752549,0.07707164805628858,0.031353275359122953,19,23
S08_MDO,평소 호흡,3,278.17,328.17,50.0,18.438412135675282,84.74576271186442,5.486000381120353,45.1171875,12.95241175455493,39.628575211864415,0.0475024939819566,0.021178582263167173,61,70
S08_MDO,느린 호흡,1,338.17,388.17,50.0,6.026666735303655,84.50704225352113,6.055840328435572,47.01288907033893,0.02917359313191703,37.494153183182206,0.024180413897625295,0.027327518695638674,14,64
S08_MDO,느린 호흡,2,338.17,388.17,50.0,6.026666735303655,84.50704225352113,6.035418281670952,45.1171875,0.008751546367297358,39.389854753521135,0.05092920927723265,0.028562169925724232,64,74
S08_MDO,느린 호흡,3,338.17,388.17,50.0,6.026666735303655,84.50704225352113,5.998027693863942,45.1171875,0.028639041439713075,39.389854753521135,0.01478326987911428,0.024553685087952623,18,59
S08_MDO,숨 참기,1,395.17,417.17,22.0,5.4931640625,83.33333333333334,9.295403389674803,45.91227366105396,3.802239327174803,37.421059672279384,0.0017448720195578902,0.025692511604565888,47,4
S08_MDO,숨 참기,2,395.17,417.17,22.0,5.4931640625,83.33333333333334,12.469603519114756,45.1171875,6.976439456614756,38.21614583333334,0.004401902661023952,0.024392119224246105,47,72
S08_MDO,숨 참기,3,395.17,417.17,22.0,5.4931640625,83.33333333333334,4.98046875,48.282894268168356,0.5126953125,35.05043906516499,0.019524931635897115,0.022700358603766332,40,84
S08_MDO,숨참기 후 호흡,1,423.17,473.17,50.0,11.229559161198239,86.70520231213874,11.296144634112368,50.909371552117356,0.06658547291412908,35.79583076002138,0.030896644207809465,0.027947660326209427,12,40
S08_MDO,숨참기 후 호흡,2,423.17,473.17,50.0,11.229559161198239,86.70520231213874,11.43592805911363,52.625750908825935,0.20636889791539126,34.0794514033128,0.05843494698982242,0.03161393819361666,19,46
S08_MDO,숨참기 후 호흡,3,423.17,473.17,50.0,11.229559161198239,86.70520231213874,5.754218714954921,45.1171875,5.475340446243318,41.58801481213874,0.02501152326094755,0.025779233328103973,62,
S08_MDO,운동 준비,1,478.17,493.17,15.0,6.605413394159344,77.51937984496124,6.163026407866211,70.1766288480293,0.44238698629313244,7.34275099693194,0.030185809249114803,0.06680015877722874,18,35
S08_MDO,운동 준비,2,478.17,493.17,15.0,6.605413394159344,77.51937984496124,6.853374965730174,45.1171875,0.24796157157082988,32.402192344961236,0.011529263536943554,0.09109304443122038,17,68
S08_MDO,운동 준비,3,478.17,493.17,15.0,6.605413394159344,77.51937984496124,7.834548052146252,45.1171875,1.2291346579869078,32.402192344961236,0.03509016571134074,0.11918490514633553,30,76
S08_MDO,스쿼트,1,493.17,553.1700000000001,60.00000000000006,5.4931640625,71.42857142857143,4.98046875,45.1171875,0.5126953125,26.31138392857143,0.055021669687615044,0.07285381044442243,15,72
S08_MDO,스쿼트,2,493.17,553.1700000000001,60.00000000000006,5.4931640625,71.42857142857143,5.402536707862871,128.95631445574003,0.09062735463712901,57.5277430271686,0.01827174046109623,0.09138553928728799,58,13
S08_MDO,스쿼트,3,493.17,553.1700000000001,60.00000000000006,5.4931640625,71.42857142857143,4.98046875,47.50074259503472,0.5126953125,23.927828833536708,0.04351253363230773,0.11889952545795174,30,7
S08_MDO,의자 착석,1,553.1700000000001,568.1700000000001,15.0,28.05230645346969,132.7433628318584,6.361091782085786,52.61738799343253,21.691214671383904,80.12597483842588,0.03606129977322563,0.03547433537882572,9,62
S08_MDO,의자 착석,2,553.1700000000001,568.1700000000001,15.0,28.05230645346969,132.7433628318584,7.202074875367054,45.1171875,20.850231578102637,87.6261753318584,0.009313141468429582,0.041627755418916515,20,15
S08_MDO,의자 착석,3,553.1700000000001,568.1700000000001,15.0,28.05230645346969,132.7433628318584,6.7990621594292255,45.1171875,21.253244294040464,87.6261753318584,0.01932536750874327,0.032696430085068395,16,75
S08_MDO,운동 후 호흡,1,573.1700000000001,623.1700000000001,50.0,28.13559166570451,109.4890510948905,28.14553230328543,56.6948023429371,0.009940637580921674,52.7942487519534,0.01954742228725615,0.029547018702225473,13,17
S08_MDO,운동 후 호흡,2,573.1700000000001,623.1700000000001,50.0,28.13559166570451,109.4890510948905,28.212258903920905,56.43673128577976,0.07666723821639465,53.05231980911074,0.03476769944169433,0.03366935425199818,19,73
S08_MDO,운동 후 호흡,3,573.1700000000001,623.1700000000001,50.0,28.13559166570451,109.4890510948905,28.113629359359415,54.29694230141597,0.021962306345095328,55.19210879347453,0.008470678826313903,0.02538651657040597,14,40
S09_HDH,평소 호흡,1,284.8620000000001,334.8620000000001,50.0,16.255178181303034,77.31958762886597,6.43608426493829,45.1171875,9.819093916364743,32.202400128865975,0.033436684015387554,0.02588152840099387,13,47
S09_HDH,평소 호흡,2,284.8620000000001,334.8620000000001,50.0,16.255178181303034,77.31958762886597,16.17187782337649,47.955152522642976,0.083300357926543,29.364435106223,0.02316546406488785,0.02535937581008909,65,31
S09_HDH,평소 호흡,3,284.8620000000001,334.8620000000001,50.0,16.255178181303034,77.31958762886597,7.7039759190547565,52.143329787448685,8.551202262248278,25.17625784141729,0.012030145598152844,0.02303995642218292,60,77
S09_HDH,느린 호흡,1,344.8620000000001,394.8620000000001,50.0,6.037068107246137,78.74015748031496,6.112944094205874,45.1171875,0.07587598695973696,33.62296998031496,0.09332930363560053,0.027751209276713373,13,64
S09_HDH,느린 호흡,2,344.8620000000001,394.8620000000001,50.0,6.037068107246137,78.74015748031496,6.133989516072351,46.48873655680637,0.0969214088262138,32.25142092350859,0.02766449189652082,0.026802068797495672,19,32
S09_HDH,느린 호흡,3,344.8620000000001,394.8620000000001,50.0,6.037068107246137,78.74015748031496,6.111655437102491,45.1171875,0.07458732985635397,33.62296998031496,0.06330889486288929,0.021267029662660652,14,27
S09_HDH,숨 참기,1,401.8620000000001,428.8620000000001,27.0,7.312013584709023,75.0,5.602572374189892,46.17983966106023,1.709441210519131,28.820160338939772,0.06428254271074509,0.02859813095050573,13,70
S09_HDH,숨 참기,2,401.8620000000001,428.8620000000001,27.0,7.312013584709023,75.0,5.7414561842451635,73.71841013297917,1.5705574004638594,1.281589867020827,0.00573241476048536,0.0278604195808898,75,63
S09_HDH,숨 참기,3,401.8620000000001,428.8620000000001,27.0,7.312013584709023,75.0,5.741833637708647,145.79253419707968,1.5701799470003754,70.79253419707968,0.012006724931491386,0.020841900855537766,61,19
S09_HDH,숨참기 후 호흡,1,434.8620000000001,484.8620000000001,50.0,11.707793443239497,84.98583569405099,5.5678118663611835,47.64728905582703,6.139981576878314,37.33854663822396,0.04686285989874912,0.028283974406827384,58,18
S09_HDH,숨참기 후 호흡,2,434.8620000000001,484.8620000000001,50.0,11.707793443239497,84.98583569405099,11.727967990705785,45.1171875,0.020174547466288217,39.86864819405099,0.014686031383511891,0.027563429595128537,65,28
S09_HDH,숨참기 후 호흡,3,434.8620000000001,484.8620000000001,50.0,11.707793443239497,84.98583569405099,7.45637508020966,48.26470075013281,4.251418363029837,36.72113494391818,0.0225906893192467,0.021947209384768445,60,77
S09_HDH,운동 준비,1,489.8620000000001,504.8620000000001,15.0,8.459922223153178,102.04081632653062,7.81987908515862,45.1171875,0.6400431379945584,56.92362882653062,0.018783094573659818,0.047806852941242095,81,14
S09_HDH,운동 준비,2,489.8620000000001,504.8620000000001,15.0,8.459922223153178,102.04081632653062,8.203258414035243,50.05060992095234,0.25666380911793496,51.99020640557828,0.0072436717813926165,0.04754812168413905,66,28
S09_HDH,운동 준비,3,489.8620000000001,504.8620000000001,15.0,8.459922223153178,102.04081632653062,8.866596567009903,45.1171875,0.4066743438567251,56.92362882653062,0.012482737883554825,0.04662998265309526,54,8
S09_HDH,스쿼트,1,504.8620000000001,564.8620000000001,60.0,16.535096460480602,103.09278350515464,5.169062879499347,48.115098033459915,11.366033580981256,54.97768547169473,0.029332156390477742,0.08472889202893472,63,18
S09_HDH,스쿼트,2,504.8620000000001,564.8620000000001,60.0,16.535096460480602,103.09278350515464,16.8995863844074,49.72677936262631,0.36448992392679713,53.36600414252833,0.051287216176841094,0.07590469918502805,46,32
S09_HDH,스쿼트,3,504.8620000000001,564.8620000000001,60.0,16.535096460480602,103.09278350515464,6.479346698200248,58.99655705731004,10.055749762280353,44.0962264478446,0.06884153347626397,0.092349353342384,54,8
S09_HDH,의자 착석,1,564.8620000000001,579.8620000000001,15.0,9.376296128020957,108.69565217391303,8.344081812189637,70.53211079825135,1.03221431583132,38.16354137566168,0.010018591283531953,0.08934373606912617,16,58
S09_HDH,의자 착석,2,564.8620000000001,579.8620000000001,15.0,9.376296128020957,108.69565217391303,9.11371116370216,53.47658677725116,0.26258496431879763,55.219065396661875,0.011243337243083606,0.07776591619975129,63,18
S09_HDH,의자 착석,3,564.8620000000001,579.8620000000001,15.0,9.376296128020957,108.69565217391303,9.136904304542282,45.1171875,0.23939182347867494,63.57846467391303,0.009838358405727764,0.08700262283308371,70,7
S09_HDH,운동 후 호흡,1,584.8620000000001,634.8620000000001,50.0,13.804706913211579,77.720207253886,5.6088535653372285,60.258530751982256,8.195853347874351,17.461676501903746,0.0373938828253175,0.034340075778692955,13,63
S09_HDH,운동 후 호흡,2,584.8620000000001,634.8620000000001,50.0,13.804706913211579,77.720207253886,5.576584296147576,58.87406536438876,8.228122617064002,18.84614188949724,0.03463023003651507,0.032433695570086504,65,23
S09_HDH,운동 후 호흡,3,584.8620000000001,634.8620000000001,50.0,13.804706913211579,77.720207253886,6.157591835876432,59.170354391746464,7.647115077335147,18.549852862139538,0.02153621240733306,0.030448023939360025,15,58
S17_RJS,평소 호흡,1,243.63020000000003,293.63020000000006,50.00000000000003,16.900555133871087,112.78195488721803,16.586084531138034,45.689962263324276,0.31447060273305283,67.09199262389376,0.05161239720843236,0.029149334324580112,60,65
S17_RJS,평소 호흡,2,243.63020000000003,293.63020000000006,50.00000000000003,16.900555133871087,112.78195488721803,16.542131940103832,49.13665929207872,0.35842319376725484,63.645295595139316,0.013054634944629117,0.027289061876869587,20,35
S17_RJS,평소 호흡,3,243.63020000000003,293.63020000000006,50.00000000000003,16.900555133871087,112.78195488721803,16.49556678012787,54.37759317449036,0.4049883537432173,58.40436171272768,0.019508202454046237,0.02310450105921151,15,78
S17_RJS,느린 호흡,1,303.63020000000006,353.63020000000006,50.0,6.0131532848620655,107.14285714285714,5.990459348269615,49.18462699087062,0.022693936592450115,57.95823015198652,0.09692245571066949,0.028198922722325707,14,87
S17_RJS,느린 호흡,2,303.63020000000006,353.63020000000006,50.0,6.0131532848620655,107.14285714285714,6.040335528676401,49.7175364623735,0.02718224381433565,57.42532068048364,0.04407725051371502,0.029808218570862285,19,74
S17_RJS,느린 호흡,3,303.63020000000006,353.63020000000006,50.0,6.0131532848620655,107.14285714285714,7.016863898975242,49.02509908225124,1.0037106141131762,58.1177580606059,0.109362050581971,0.023324458190804087,60,18
S17_RJS,숨 참기,1,360.63020000000006,387.25,26.61979999999994,5.4931640625,117.1875,6.07949788363125,51.87572582971596,0.5863338211312499,65.31177417028404,0.07436859014628949,0.027789870653267178,59,65
S17_RJS,숨 참기,2,360.63020000000006,387.25,26.61979999999994,5.4931640625,117.1875,6.252483873263382,53.622065359094435,0.7593198107633823,63.565434640905565,0.022075275869522317,0.03114509800025523,65,75
S17_RJS,숨 참기,3,360.63020000000006,387.25,26.61979999999994,5.4931640625,117.1875,6.097551483732458,105.4877676975506,0.6043874212324578,11.699732302449405,0.035160972342831234,0.021570781776112775,61,72
S17_RJS,숨참기 후 호흡,1,393.25,443.25,50.0,15.947080213106693,105.63380281690142,4.98046875,47.96576693200013,10.966611463106693,57.66803588490129,0.061440661397857615,0.02673585268709802,60,13
S17_RJS,숨참기 후 호흡,2,393.25,443.25,50.0,15.947080213106693,105.63380281690142,4.98046875,54.40278242898024,10.966611463106693,51.231020387921184,0.07667220736888998,0.029161816838778734,66,46
S17_RJS,숨참기 후 호흡,3,393.25,443.25,50.0,15.947080213106693,105.63380281690142,4.98046875,106.66254433735928,10.966611463106693,1.0287415204578565,0.11965216962523377,0.020639406477841914,14,32
S17_RJS,운동 준비,1,448.25,463.25,15.0,19.103909531006206,118.57707509881423,8.761718053375668,45.1171875,10.342191477630537,73.45988759881423,0.017517567623047473,0.05017135483922005,16,37
S17_RJS,운동 준비,2,448.25,463.25,15.0,19.103909531006206,118.57707509881423,8.748733408288082,109.62938345888776,10.355176122718124,8.947691639926475,0.010201012544395463,0.0541478400815399,46,67
S17_RJS,운동 준비,3,448.25,463.25,15.0,19.103909531006206,118.57707509881423,8.467017368171119,54.18512336038806,10.636892162835087,64.39195173842617,0.02500339792640361,0.05019494737716949,75,14
S17_RJS,스쿼트,1,463.25,523.25,60.0,32.958984375,132.7433628318584,4.98046875,61.444359687856675,27.978515625,71.29900314400173,0.030680721621155642,0.10528379691302968,82,23
S17_RJS,스쿼트,2,463.25,523.25,60.0,32.958984375,132.7433628318584,6.399420998724669,48.888882597091275,26.55956337627533,83.85448023476712,0.013503656373079967,0.11462698727522855,18,11
S17_RJS,스쿼트,3,463.25,523.25,60.0,32.958984375,132.7433628318584,5.264397636499686,50.67356593765257,27.694586738500313,82.06979689420584,0.02433310823788061,0.1746653365084471,75,24
S17_RJS,의자 착석,1,523.25,538.25,15.0,28.94400236005951,142.85714285714286,8.375524389895322,53.03224837829071,20.56847797016419,89.82489447885214,0.013906903405923125,0.09302467530893489,16,88
S17_RJS,의자 착석,2,523.25,538.25,15.0,28.94400236005951,142.85714285714286,8.5262836625749,45.1171875,20.41771869748461,97.73995535714286,0.009640871261405958,0.08559495351779473,14,20
S17_RJS,의자 착석,3,523.25,538.25,15.0,28.94400236005951,142.85714285714286,8.438609139841672,62.39572603781982,20.50539322021784,80.46141681932303,0.010113911131430606,0.11052523839690528,77,60
S17_RJS,운동 후 호흡,1,543.25,593.25,50.0,25.955821558416798,122.95081967213115,25.906942751984168,53.64477805455701,0.04887880643262932,69.30604161757414,0.010180639331634352,0.029733068509449016,15,87
S17_RJS,운동 후 호흡,2,543.25,593.25,50.0,25.955821558416798,122.95081967213115,25.979486114089273,48.994706510549086,0.023664555672475274,73.95611316158207,0.024341848455454975,0.031460682861644725,66,77
S17_RJS,운동 후 호흡,3,543.25,593.25,50.0,25.955821558416798,122.95081967213115,26.04665566989924,50.964788409239326,0.0908341114824438,71.98603126289183,0.016437278742016982,0.027043509080684758,77,25
S18_LJH,평소 호흡,1,242.43400000000003,292.434,50.0,17.881199194141082,90.9090909090909,7.526168363562712,45.1171875,10.355030830578372,45.79190340909091,0.014757929766598411,0.030864732031993816,14,5
S18_LJH,평소 호흡,2,242.43400000000003,292.434,50.0,17.881199194141082,90.9090909090909,17.745108614947373,45.1171875,0.13609057919370926,45.79190340909091,0.013949189874592385,0.03246458063146836,65,21
S18_LJH,평소 호흡,3,242.43400000000003,292.434,50.0,17.881199194141082,90.9090909090909,5.92121421516737,52.370077843692435,11.959984978973711,38.53901306539847,0.009317846348154751,0.02558286973828038,60,18
S18_LJH,느린 호흡,1,302.434,352.434,50.0,5.966226397009381,87.71929824561403,5.921837449306274,57.443658220539206,0.04438894770310675,30.27564002507482,0.02454921584961288,0.029945292490902643,14,82
S18_LJH,느린 호흡,2,302.434,352.434,50.0,5.966226397009381,87.71929824561403,5.996364826409983,45.1171875,0.030138429400602185,42.60211074561403,0.05535202415774773,0.03207304772772626,20,34
S18_LJH,느린 호흡,3,302.434,352.434,50.0,5.966226397009381,87.71929824561403,6.105596587399306,50.602840989778315,0.1393701903899256,37.11645725583571,0.0409508032824852,0.0268348979161672,61,66
S18_LJH,숨 참기,1,359.434,386.434,27.0,5.4931640625,93.16770186335404,7.871649926298319,47.18702171742559,2.3784858637983186,45.98068014592845,0.028350124321371288,0.03192135832005221,14,66
S18_LJH,숨 참기,2,359.434,386.434,27.0,5.4931640625,93.16770186335404,5.788980714782478,93.8871574387623,0.2958166522824781,0.7194555754082614,0.028854158425287137,0.03298662460161471,65,22
S18_LJH,숨 참기,3,359.434,386.434,27.0,5.4931640625,93.16770186335404,5.620046517267673,103.8620968732329,0.12688245476767257,10.69439500987886,0.01793592634462624,0.02854607651862973,60,17
S18_LJH,숨참기 후 호흡,1,392.434,442.434,50.0,14.469411553321047,94.9367088607595,14.75252539027978,50.381763934761885,0.2831138369587336,44.55494492599761,0.008414927448446284,0.03069685024936097,60,84
S18_LJH,숨참기 후 호흡,2,392.434,442.434,50.0,14.469411553321047,94.9367088607595,14.676246149966323,45.1171875,0.20683459664527604,49.819521360759495,0.028513761892939086,0.030602030695301125,66,74
S18_LJH,숨참기 후 호흡,3,392.434,442.434,50.0,14.469411553321047,94.9367088607595,14.427178296972077,45.65807732031694,0.042233256348970016,49.278631540442554,0.009420065665073318,0.024336555031605693,34,77
S18_LJH,운동 준비,1,447.434,462.434,15.0,26.350125289690727,103.09278350515464,9.592331332601333,51.79271341818105,16.757793957089394,51.30007008697359,0.01892322804239203,0.03945512601488248,81,47
S18_LJH,운동 준비,2,447.434,462.434,15.0,26.350125289690727,103.09278350515464,8.202496944991644,100.56227169460671,18.147628344699083,2.530511810547935,0.017081573905556532,0.043055999239781664,20,15
S18_LJH,운동 준비,3,447.434,462.434,15.0,26.350125289690727,103.09278350515464,8.242176686179523,45.1171875,18.107948603511204,57.97559600515464,0.015216567073951293,0.03345479549379255,76,18
S18_LJH,스쿼트,1,462.434,522.434,59.99999999999994,8.387719671553747,91.46341463414633,4.98046875,101.73937442764274,3.4072509215537465,10.275959793496412,0.0568599165805271,0.028560717951621274,82,62
S18_LJH,스쿼트,2,462.434,522.434,59.99999999999994,8.387719671553747,91.46341463414633,4.98046875,46.65267016279211,3.4072509215537465,44.81074447135422,0.08258963744961827,0.03552947936081308,18,45
S18_LJH,스쿼트,3,462.434,522.434,59.99999999999994,8.387719671553747,91.46341463414633,4.98046875,108.17145020559666,3.4072509215537465,16.708035571450324,0.12707123082297514,0.02313888510972181,31,76
S18_LJH,의자 착석,1,522.434,537.434,15.0,14.343961936068878,109.89010989010988,9.053832484964806,50.9678765298658,5.290129451104072,58.922233360244086,0.024986181281243254,0.0443078078274497,18,80
S18_LJH,의자 착석,2,522.434,537.434,15.0,14.343961936068878,109.89010989010988,8.363756638956177,60.51844455208542,5.9802052971127,49.371665338024464,0.009675790173796663,0.05118854547132715,13,62
S18_LJH,의자 착석,3,522.434,537.434,15.0,14.343961936068878,109.89010989010988,8.787151623560698,59.842418417688094,5.55681031250818,50.04769147242179,0.02404284797429993,0.04304160645344985,76,31
S18_LJH,운동 후 호흡,1,542.434,592.434,50.0,16.2823026328783,99.33774834437087,16.235800095928838,45.1171875,0.04650253694946116,54.220560844370866,0.02028035479568608,0.029495146932051377,13,78
S18_LJH,운동 후 호흡,2,542.434,592.434,50.0,16.2823026328783,99.33774834437087,16.424611997469608,46.11140400066962,0.14230936459130916,53.22634434370124,0.0563116275016094,0.03157219675483283,19,31
S18_LJH,운동 후 호흡,3,542.434,592.434,50.0,16.2823026328783,99.33774834437087,16.260828727552635,48.07847462814101,0.021473905325663623,51.259273716229856,0.026339987077438676,0.024433127420074134,61,13
S19_CHW,평소 호흡,1,292.062,342.062,50.0,13.089242863560992,80.64516129032258,5.857806055525438,54.392516616787255,7.231436808035554,26.252644673535322,0.010489821165978857,0.034820019138334844,59,14
S19_CHW,평소 호흡,2,292.062,342.062,50.0,13.089242863560992,80.64516129032258,13.194493860809565,45.1171875,0.10525099724857334,35.52797379032258,0.018817323735402725,0.03413462552245406,72,27
S19_CHW,평소 호흡,3,292.062,342.062,50.0,13.089242863560992,80.64516129032258,5.493271032177976,52.847840334853636,7.595971831383016,27.79732095546894,0.013809058798935871,0.029234669785446817,14,61
S19_CHW,느린 호흡,1,352.062,402.062,50.0,6.1096903202676485,80.21390374331551,6.105133161066436,45.62078933299654,0.004557159201212357,34.593114410318975,0.03457576208516515,0.0330981494363926,58,25
S19_CHW,느린 호흡,2,352.062,402.062,50.0,6.1096903202676485,80.21390374331551,6.120962573269193,47.528279672527646,0.011272253001544108,32.68562407078787,0.03340965451226729,0.03295803897085371,65,72
S19_CHW,느린 호흡,3,352.062,402.062,50.0,6.1096903202676485,80.21390374331551,5.537434120173796,50.63127949107822,0.572256200093852,29.582624252237295,0.047494819101542254,0.025645403034269182,29,14
S19_CHW,숨 참기,1,409.062,435.2,26.137999999999977,6.242486830733474,89.02077151335311,6.520551915161562,45.1171875,0.2780650844280874,43.90358401335311,0.027133236163780737,0.03341146827902657,59,71
S19_CHW,숨 참기,2,409.062,435.2,26.137999999999977,6.242486830733474,89.02077151335311,6.548851909525953,63.40647763418701,0.30636507879247876,25.614293879166098,0.008816247136174701,0.028095183536284228,19,75
S19_CHW,숨 참기,3,409.062,435.2,26.137999999999977,6.242486830733474,89.02077151335311,5.856352885131515,52.640347169926315,0.38613394560195946,36.380424343426796,0.03289084429436442,0.026585825595061514,14,18
S19_CHW,숨참기 후 호흡,1,441.2,491.2,50.0,24.429815886594024,93.75,24.638710978366987,45.1171875,0.20889509177296262,48.6328125,0.013395123873974724,0.03297420030504196,58,16
S19_CHW,숨참기 후 호흡,2,441.2,491.2,50.0,24.429815886594024,93.75,24.551529521914258,52.9574323959784,0.1217136353202335,40.7925676040216,0.01063807176261824,0.03163239023607602,64,77
S19_CHW,숨참기 후 호흡,3,441.2,491.2,50.0,24.429815886594024,93.75,4.98046875,45.1171875,19.449347136594024,48.6328125,0.01305360345975655,0.024950283035309103,75,35
S19_CHW,운동 준비,1,496.2,511.2,15.0,9.677917354763428,102.04081632653062,8.762412848160146,60.49656087614637,0.9155045066032823,41.54425545038425,0.012372610496689255,0.06229282064066319,16,79
S19_CHW,운동 준비,2,496.2,511.2,15.0,9.677917354763428,102.04081632653062,7.396250020983345,45.1171875,2.2816673337800832,56.92362882653062,0.00668615765010664,0.0784965482847993,18,66
S19_CHW,운동 준비,3,496.2,511.2,15.0,9.677917354763428,102.04081632653062,8.339779968769617,58.92152584526195,1.3381373859938108,43.11929048126867,0.011166082370287626,0.09219071044054007,77,15
S19_CHW,스쿼트,1,511.2,571.2,60.00000000000006,30.06393524061704,53.19148936170213,4.98046875,52.16525900613143,25.08346649061704,1.0262303555707035,0.1476281079449709,0.06950979270174155,81,18
S19_CHW,스쿼트,2,511.2,571.2,60.00000000000006,30.06393524061704,53.19148936170213,4.98046875,53.05021899980861,25.08346649061704,0.14127036189352538,0.07261031739227806,0.0895270616846851,14,21
S19_CHW,스쿼트,3,511.2,571.2,60.00000000000006,30.06393524061704,53.19148936170213,4.98046875,59.99311136609273,25.08346649061704,6.801622004390595,0.20214110297637095,0.1036975133271579,76,62
S19_CHW,의자 착석,1,571.2,586.2,15.0,22.40143498167793,126.05042016806723,24.23754638101739,47.72405789198532,1.8361113993394582,78.32636227608191,0.00788772210237489,0.030633386861996972,58,40
S19_CHW,의자 착석,2,571.2,586.2,15.0,22.40143498167793,126.05042016806723,24.828660778835463,47.140984911102976,2.427225797157533,78.90943525696426,0.0068909493168950115,0.03457307645378772,19,81
S19_CHW,의자 착석,3,571.2,586.2,15.0,22.40143498167793,126.05042016806723,24.478054465054953,45.1171875,2.076619483377023,80.93323266806723,0.006617006537045928,0.0300640961522115,61,33
S19_CHW,운동 후 호흡,1,591.2,641.2,50.0,30.546893547441105,120.0,4.98046875,49.51250719089724,25.566424797441105,70.48749280910276,0.025783024930161418,0.03251282420714103,58,20
S19_CHW,운동 후 호흡,2,591.2,641.2,50.0,30.546893547441105,120.0,30.586341239986044,56.35093153230416,0.03944769254493963,63.64906846769584,0.017554308572829847,0.033212290788396166,46,76
S19_CHW,운동 후 호흡,3,591.2,641.2,50.0,30.546893547441105,120.0,30.660329348559074,61.09905498289396,0.11343580111796925,58.90094501710604,0.03624274969816362,0.025796992268427705,60,16
S21_PSJ,평소 호흡,1,248.80800000000008,298.8080000000001,50.00000000000003,10.672715664735573,90.36144578313252,5.399544421625894,45.1171875,5.2731712431096796,45.244258283132524,0.03765808769457828,0.02970696620787429,59,70
S21_PSJ,평소 호흡,2,248.80800000000008,298.8080000000001,50.00000000000003,10.672715664735573,90.36144578313252,5.414393859593893,47.04028808015792,5.25832180514168,43.3211577029746,0.01621050162865465,0.03309252242957668,18,23
S21_PSJ,평소 호흡,3,248.80800000000008,298.8080000000001,50.00000000000003,10.672715664735573,90.36144578313252,5.443315957783522,91.15500910886425,5.2293997069520515,0.793563325731725,0.1400333170850965,0.022221288948862588,17,59
S21_PSJ,느린 호흡,1,308.8080000000001,358.8080000000001,50.0,6.073098967364718,87.46355685131196,6.080696373836071,50.362450989195345,0.0075974064713530964,37.10110586211662,0.026605280904975808,0.029696129020074687,59,77
S21_PSJ,느린 호흡,2,308.8080000000001,358.8080000000001,50.0,6.073098967364718,87.46355685131196,6.130183247818577,47.73424254388868,0.05708428045385894,39.72931430742328,0.062199592903278485,0.03120345047834236,65,30
S21_PSJ,느린 호흡,3,308.8080000000001,358.8080000000001,50.0,6.073098967364718,87.46355685131196,6.280523545818913,48.8709023490902,0.20742457845419526,38.59265450222176,0.05826566933109689,0.023323127062154066,62,76
S21_PSJ,숨 참기,1,365.8080000000001,390.05,24.241999999999905,8.583684541159675,92.3076923076923,5.228093291797425,45.1171875,3.3555912493622504,47.19050480769231,0.008153291118222909,0.02977414299382075,59,37
S21_PSJ,숨 참기,2,365.8080000000001,390.05,24.241999999999905,8.583684541159675,92.3076923076923,19.2808453314357,45.1171875,10.697160790276024,47.19050480769231,0.006288445241208784,0.03346462284486567,47,3
S21_PSJ,숨 참기,3,365.8080000000001,390.05,24.241999999999905,8.583684541159675,92.3076923076923,4.98046875,57.703132883312904,3.603215791159675,34.6045594243794,0.008147760569123271,0.02479840829121491,63,15
S21_PSJ,숨참기 후 호흡,1,396.05,446.05,50.0,12.694007642676992,95.54140127388536,12.711150192330535,45.1171875,0.01714254965354378,50.424213773885356,0.02143777726733954,0.027705497281923713,16,61
S21_PSJ,숨참기 후 호흡,2,396.05,446.05,50.0,12.694007642676992,95.54140127388536,5.167321142796557,45.1171875,7.526686499880435,50.424213773885356,0.01902527987114507,0.0324832458479905,65,20
S21_PSJ,숨참기 후 호흡,3,396.05,446.05,50.0,12.694007642676992,95.54140127388536,12.612845854938222,45.1171875,0.08116178773877003,50.424213773885356,0.03416524684491333,0.02269384695585143,60,32
S21_PSJ,운동 준비,1,451.05,466.05,15.0,8.22348318335752,109.4890510948905,6.176207123736608,53.91422887086826,2.047276059620911,55.57482222402224,0.016693103072562485,0.05596382100083417,14,58
S21_PSJ,운동 준비,2,451.05,466.05,15.0,8.22348318335752,109.4890510948905,7.8763950634026605,52.57775669520415,0.3470881199548588,56.91129439968635,0.0101170886686192,0.05677253908928311,63,34
S21_PSJ,운동 준비,3,451.05,466.05,15.0,8.22348318335752,109.4890510948905,6.4338916544102105,49.811305879807584,1.7895915289473088,59.677745215082915,0.06719680083316476,0.07894347480122658,75,6
S21_PSJ,스쿼트,1,466.05,526.05,59.99999999999994,21.87394765486576,108.69565217391303,4.98046875,54.68910383441658,16.89347890486576,54.006548339496455,0.019275739720945744,0.08798459621583835,19,15
S21_PSJ,스쿼트,2,466.05,526.05,59.99999999999994,21.87394765486576,108.69565217391303,5.977395873004936,45.1171875,15.896551781860822,63.57846467391303,0.020518892297064502,0.08878568795984455,18,45
S21_PSJ,스쿼트,3,466.05,526.05,59.99999999999994,21.87394765486576,108.69565217391303,4.98046875,46.65128906156051,16.89347890486576,62.04436311235252,0.038077067080756394,0.1205557072235226,30,12
S21_PSJ,의자 착석,1,526.05,541.05,15.0,14.134185038991502,104.16666666666667,6.583412959229247,45.1171875,7.550772079762255,59.04947916666667,0.02551556914463062,0.04047985683833342,14,10
S21_PSJ,의자 착석,2,526.05,541.05,15.0,14.134185038991502,104.16666666666667,7.234801020762543,47.63367722918917,6.899384018228959,56.532989437477504,0.00905693647047837,0.050283566955577716,65,16
S21_PSJ,의자 착석,3,526.05,541.05,15.0,14.134185038991502,104.16666666666667,6.241581100757778,45.1171875,7.892603938233724,59.04947916666667,0.01815403369544304,0.038478495972643474,12,56
S21_PSJ,운동 후 호흡,1,546.05,596.05,50.0,26.986997068582543,95.54140127388536,5.348897916159128,54.82098110993094,21.638099152423415,40.720420163954415,0.01945690224945988,0.03194298902597662,13,21
S21_PSJ,운동 후 호흡,2,546.05,596.05,50.0,26.986997068582543,95.54140127388536,5.455363993831688,57.18554823919724,21.531633074750854,38.35585303468812,0.03081612285344579,0.03175095459108785,19,68
S21_PSJ,운동 후 호흡,3,546.05,596.05,50.0,26.986997068582543,95.54140127388536,5.974221132552002,46.185577901341986,21.01277593603054,49.35582337254337,0.02944299153461344,0.031465611073639564,60,76
S23_KDM,평소 호흡,1,241.60800000000006,291.60800000000006,50.0,13.897426371548715,121.95121951219512,13.869495156012992,54.971669261017645,0.027931215535723197,66.97955025117747,0.032403610555734645,0.02742226761183133,58,38
S23_KDM,평소 호흡,2,241.60800000000006,291.60800000000006,50.0,13.897426371548715,121.95121951219512,14.626270283195622,45.1171875,0.7288439116469068,76.83403201219512,0.011813177747628283,0.030481978988966117,65,27
S23_KDM,평소 호흡,3,241.60800000000006,291.60800000000006,50.0,13.897426371548715,121.95121951219512,14.464068232591288,48.015814806307425,0.566641861042573,73.93540470588769,0.043086380062016545,0.02589010787044961,60,36
S23_KDM,느린 호흡,1,301.60800000000006,351.60800000000006,50.0,6.013563520504012,111.1111111111111,6.054619660151487,45.67843681636745,0.04105613964747512,65.43267429474365,0.0739263487271264,0.027024965897127502,58,84
S23_KDM,느린 호흡,2,301.60800000000006,351.60800000000006,50.0,6.013563520504012,111.1111111111111,5.9413500710497775,58.14716986896863,0.07221344945423436,52.96394124214247,0.04303082029059758,0.030931097749741766,65,74
S23_KDM,느린 호흡,3,301.60800000000006,351.60800000000006,50.0,6.013563520504012,111.1111111111111,5.988312599393972,47.643018124163355,0.02525092111003957,63.468092986947745,0.043001984204320914,0.026815783700929928,14,66
S23_KDM,숨 참기,1,358.60800000000006,385.60800000000006,27.0,6.127172709302352,115.38461538461539,7.026555405332332,119.0358320332272,0.8993826960299804,3.6512166486118076,0.011201671216827117,0.025057885151856446,14,61
S23_KDM,숨 참기,2,358.60800000000006,385.60800000000006,27.0,6.127172709302352,115.38461538461539,7.170319170596972,46.119338667786025,1.0431464612946204,69.26527671682936,0.008349546398824148,0.03385092368202914,20,25
S23_KDM,숨 참기,3,358.60800000000006,385.60800000000006,27.0,6.127172709302352,115.38461538461539,7.549554095991324,121.02363384236676,1.422381386688972,5.6390184577513764,0.028108998430366065,0.022844930967411234,15,61
S23_KDM,숨참기 후 호흡,1,391.60800000000006,441.60800000000006,50.0,14.954655391725787,120.0,5.727833135848627,49.555235671370866,9.22682225587716,70.44476432862913,0.03597858102729519,0.02610277101759094,14,62
S23_KDM,숨참기 후 호흡,2,391.60800000000006,441.60800000000006,50.0,14.954655391725787,120.0,5.61753202752543,45.1171875,9.337123364200357,74.8828125,0.02625328945731545,0.028216892413201473,19,30
S23_KDM,숨참기 후 호흡,3,391.60800000000006,441.60800000000006,50.0,14.954655391725787,120.0,14.698922253484465,53.32671816315354,0.2557331382413217,66.67328183684646,0.023259195727047568,0.02297776266597828,15,82
S23_KDM,운동 준비,1,446.60800000000006,461.60800000000006,15.0,17.37056121730238,117.1875,8.639076416874035,59.48962876790001,8.731484800428346,57.69787123209999,0.011124283643955618,0.07997127378470151,14,43
S23_KDM,운동 준비,2,446.60800000000006,461.60800000000006,15.0,17.37056121730238,117.1875,7.273484937479581,49.686698248950556,10.0970762798228,67.50080175104944,0.008396525019021757,0.07085273150526696,18,64
S23_KDM,운동 준비,3,446.60800000000006,461.60800000000006,15.0,17.37056121730238,117.1875,8.595345737953334,45.1171875,8.775215479349047,72.0703125,0.011676863449692362,0.09357137699930732,54,46
S23_KDM,스쿼트,1,461.60800000000006,521.6080000000001,60.0,23.37107750973434,140.18691588785046,4.98046875,92.54193823034525,18.39060875973434,47.64497765750521,0.043649769031349636,0.1080808704127833,18,55
S23_KDM,스쿼트,2,461.60800000000006,521.6080000000001,60.0,23.37107750973434,140.18691588785046,4.98046875,45.647039734129685,18.39060875973434,94.53987615372077,0.013761636839066383,0.09427526812045997,18,29
S23_KDM,스쿼트,3,461.60800000000006,521.6080000000001,60.0,23.37107750973434,140.18691588785046,4.98046875,45.97404521734116,18.39060875973434,94.2128706705093,0.03972357546720581,0.11237712368685723,13,75
S23_KDM,의자 착석,1,521.6080000000001,536.6080000000001,15.0,13.11511758912847,147.05882352941177,8.193395853613108,45.1171875,4.921721735515362,101.94163602941177,0.010336461121840841,0.03668701077747628,60,45
S23_KDM,의자 착석,2,521.6080000000001,536.6080000000001,15.0,13.11511758912847,147.05882352941177,13.04242959497271,58.092643171645484,0.07268799415576055,88.96618035776629,0.011892420097438112,0.039559634260748044,63,73
S23_KDM,의자 착석,3,521.6080000000001,536.6080000000001,15.0,13.11511758912847,147.05882352941177,6.949204320316051,45.1171875,6.165913268812419,101.94163602941177,0.01515617694773161,0.033999708100227996,59,30
S23_KDM,운동 후 호흡,1,541.6080000000001,591.6080000000001,50.0,9.864556856698911,147.05882352941177,9.643762319821718,45.1171875,0.22079453687719308,101.94163602941177,0.010961576400585411,0.03215665084121764,59,14
S23_KDM,운동 후 호흡,2,541.6080000000001,591.6080000000001,50.0,9.864556856698911,147.05882352941177,6.735435635068381,45.1171875,3.1291212216305304,101.94163602941177,0.019870210151963774,0.032253724197940925,19,25
S23_KDM,운동 후 호흡,3,541.6080000000001,591.6080000000001,50.0,9.864556856698911,147.05882352941177,6.5285397791130215,45.1171875,3.3360170775858897,101.94163602941177,0.017686347002834127,0.027364578217130293,15,60
S26_LDW,평소 호흡,1,270.096,320.096,50.0,15.784617046059331,98.6842105263158,6.83076073006072,57.15985743365691,8.95385631599861,41.524353092658885,0.01060540261683151,0.030032411780445998,59,21
S26_LDW,평소 호흡,2,270.096,320.096,50.0,15.784617046059331,98.6842105263158,8.041818114816904,102.61980296248896,7.742798931242428,3.9355924361731667,0.007825520889940742,0.0300919613426074,47,4
S26_LDW,평소 호흡,3,270.096,320.096,50.0,15.784617046059331,98.6842105263158,15.987725702141574,50.73814113462071,0.20310865608224304,47.94606939169508,0.007017507044073054,0.02452184618912039,60,15
S26_LDW,느린 호흡,1,330.096,380.096,50.0,5.983203491203937,104.89510489510491,6.099437589309352,45.1171875,0.11623409810541574,59.77791739510491,0.08634954479710777,0.03041246186649593,14,45
S26_LDW,느린 호흡,2,330.096,380.096,50.0,5.983203491203937,104.89510489510491,6.067469636369447,48.004847301886144,0.08426614516551023,56.89025759321876,0.0497980032849673,0.029141037917472825,19,31
S26_LDW,느린 호흡,3,330.096,380.096,50.0,5.983203491203937,104.89510489510491,6.065500998956233,48.61925007859054,0.08229750775229672,56.27585481651437,0.04661144528100619,0.023680016321921266,14,69
S26_LDW,숨 참기,1,387.096,414.096,27.0,5.4931640625,93.75,10.41666024901918,46.98642468993095,4.923496186519181,46.76357531006905,0.005635995101123631,0.02952276453137276,47,43
S26_LDW,숨 참기,2,387.096,414.096,27.0,5.4931640625,93.75,26.81206809537108,59.83482420467116,21.31890403287108,33.91517579532884,0.0038599913934993235,0.02567142906372452,47,7
S26_LDW,숨 참기,3,387.096,414.096,27.0,5.4931640625,93.75,14.560557566984075,49.222996125890695,9.067393504484075,44.527003874109305,0.0041597223825311745,0.02276657925334094,48,3
S26_LDW,숨참기 후 호흡,1,420.096,470.096,50.0,18.600548715454195,102.04081632653062,6.180314600172705,51.0145366286386,12.42023411528149,51.026279697892015,0.007169807963132608,0.03194118849680517,59,5
S26_LDW,숨참기 후 호흡,2,420.096,470.096,50.0,18.600548715454195,102.04081632653062,21.839642727989197,45.1171875,3.239094012535002,56.92362882653062,0.004698503950715194,0.029614323335435157,46,29
S26_LDW,숨참기 후 호흡,3,420.096,470.096,50.0,18.600548715454195,102.04081632653062,7.975535962565127,49.254491437182416,10.625012752889068,52.7863248893482,0.009165172364197087,0.021266226458740045,15,75
S26_LDW,운동 준비,1,475.096,490.096,15.0,6.665471450529665,109.89010989010988,8.519792753829867,45.1171875,1.8543213033002015,64.77292239010988,0.016729534893852774,0.050976045662288125,36,22
S26_LDW,운동 준비,2,475.096,490.096,15.0,6.665471450529665,109.89010989010988,9.291134233570439,105.87074028773311,2.6256627830407737,4.01936960237677,0.01292964727545306,0.046115381118529614,16,26
S26_LDW,운동 준비,3,475.096,490.096,15.0,6.665471450529665,109.89010989010988,8.771314520773878,47.63934962784175,2.1058430702442124,62.25076026226813,0.0493560761536748,0.037795992081290974,54,42
S26_LDW,스쿼트,1,490.096,550.096,60.0,16.8996026277704,130.43478260869566,4.98046875,46.218838735518744,11.919133877770399,84.21594387317691,0.017658640753032417,0.10145515147264726,15,66
S26_LDW,스쿼트,2,490.096,550.096,60.0,16.8996026277704,130.43478260869566,16.651102933879766,45.1171875,0.24849969389063276,85.31759510869566,0.023322188797290536,0.09230404492240274,46,42
S26_LDW,스쿼트,3,490.096,550.096,60.0,16.8996026277704,130.43478260869566,15.031210337868979,47.44778462697157,1.8683922899014203,82.98699798172409,0.044271067943509525,0.09063188463970992,54,9
S26_LDW,의자 착석,1,550.096,565.096,15.0,13.457315919804135,141.50943396226415,8.432394985810081,45.468024149769796,5.0249209339940535,96.04140981249435,0.01370750179126928,0.048448216698968066,59,13
S26_LDW,의자 착석,2,550.096,565.096,15.0,13.457315919804135,141.50943396226415,7.11732679400761,45.1171875,6.339989125796524,96.39224646226415,0.008992106062071367,0.04149128047646057,23,85
S26_LDW,의자 착석,3,550.096,565.096,15.0,13.457315919804135,141.50943396226415,6.5519930832970985,70.88337130928677,6.905322836507036,70.62606265297738,0.02947561969109729,0.038963559146684874,56,34
S26_LDW,운동 후 호흡,1,570.096,620.096,50.0,31.590496083849512,121.95121951219512,5.881379336755046,64.20100763977912,25.709116747094466,57.750211872416,0.014386195999331827,0.03161481923725032,15,60
S26_LDW,운동 후 호흡,2,570.096,620.096,50.0,31.590496083849512,121.95121951219512,31.23898130390485,49.03292760409418,0.3515147799446616,72.91829190810094,0.02397305117582153,0.02748606096059964,65,77
S26_LDW,운동 후 호흡,3,570.096,620.096,50.0,31.590496083849512,121.95121951219512,31.89930684340346,97.45333294726305,0.3088107595539462,24.497886564932074,0.00613825624888292,0.02528892928129007,78,38
S28_KDH,평소 호흡,1,252.62000000000003,302.62,49.99999999999997,11.125203426997107,71.59904534606206,11.052218492837065,45.1171875,0.0729849341600417,26.481857846062056,0.029788397984879752,0.03248547931040024,59,88
S28_KDH,평소 호흡,2,252.62000000000003,302.62,49.99999999999997,11.125203426997107,71.59904534606206,11.024365847148996,63.45972386636096,0.10083757984811115,8.139321479701096,0.015295767236582162,0.03890354161458572,19,28
S28_KDH,평소 호흡,3,252.62000000000003,302.62,49.99999999999997,11.125203426997107,71.59904534606206,11.07255298912419,50.7462320855162,0.052650437872916456,20.852813260545858,0.024881499436696736,0.02541137581689972,60,78
S28_KDH,느린 호흡,1,312.62,362.62,50.0,6.0399132876903865,67.87330316742081,6.168711095968595,45.1171875,0.12879780827820841,22.756115667420815,0.04547397918470415,0.03311923063830344,59,88
S28_KDH,느린 호흡,2,312.62,362.62,50.0,6.0399132876903865,67.87330316742081,5.941983500402639,69.21926087244813,0.0979297872877476,1.3459577050273168,0.03259445463125617,0.03355078763802673,65,77
S28_KDH,느린 호흡,3,312.62,362.62,50.0,6.0399132876903865,67.87330316742081,6.045440501986215,48.90081497371971,0.005527214295828919,18.972488193701103,0.035861367949759276,0.029819834972119014,60,82
S28_KDH,숨 참기,1,369.62,396.475,26.855000000000018,5.4931640625,59.642147117296226,6.115484375292139,45.1171875,0.6223203127921391,14.524959617296226,0.03657648263438933,0.036460449482479486,58,16
S28_KDH,숨 참기,2,369.62,396.475,26.855000000000018,5.4931640625,59.642147117296226,5.702592192615497,47.113934693441536,0.209428130115497,12.52821242385469,0.03343258913676522,0.033309403900416465,64,74
S28_KDH,숨 참기,3,369.62,396.475,26.855000000000018,5.4931640625,59.642147117296226,5.738703204404774,46.295773298640185,0.2455391419047741,13.34637381865604,0.03788478924722877,0.025220545633762435,14,59
S28_KDH,숨참기 후 호흡,1,402.475,452.475,50.0,12.210830908502084,72.46376811594203,4.98046875,45.1171875,7.230362158502084,27.34658061594203,0.05863361688981146,0.034869092807094895,58,12
S28_KDH,숨참기 후 호흡,2,402.475,452.475,50.0,12.210830908502084,72.46376811594203,4.98046875,50.47487921291015,7.230362158502084,21.988888903031878,0.021149548370588557,0.03779496612932033,19,68
S28_KDH,숨참기 후 호흡,3,402.475,452.475,50.0,12.210830908502084,72.46376811594203,4.98046875,45.1171875,7.230362158502084,27.34658061594203,0.03688435737112919,0.02790220455937964,59,18
S28_KDH,운동 준비,1,457.475,472.475,15.0,25.25249179838586,81.74386920980926,8.495816584359723,45.1171875,16.75667521402614,36.62668170980926,0.02099199569036898,0.04403176305972583,62,66
S28_KDH,운동 준비,2,457.475,472.475,15.0,25.25249179838586,81.74386920980926,9.12566491880023,54.95590869967573,16.126826879585632,26.78796051013353,0.01057392086519719,0.048770636966885154,64,17
S28_KDH,운동 준비,3,457.475,472.475,15.0,25.25249179838586,81.74386920980926,9.09241139550495,49.3182453586163,16.16008040288091,32.42562385119296,0.007668747795565462,0.0468657976384172,75,79
S28_KDH,스쿼트,1,472.475,532.475,60.0,17.251893469935744,90.36144578313252,5.32289119124218,62.392534168667474,11.929002278693565,27.96891161446505,0.026143712058986898,0.09004887775205524,16,61
S28_KDH,스쿼트,2,472.475,532.475,60.0,17.251893469935744,90.36144578313252,21.708723156822458,45.1171875,4.456829686886714,45.244258283132524,0.026799597552537576,0.08509324989394605,46,42
S28_KDH,스쿼트,3,472.475,532.475,60.0,17.251893469935744,90.36144578313252,4.98046875,45.1171875,12.271424719935744,45.244258283132524,0.042033191488667104,0.10263415445708093,9,86
S28_KDH,의자 착석,1,532.475,547.475,15.0,20.154882934550304,94.9367088607595,7.880331068552702,45.1171875,12.274551865997601,49.819521360759495,0.014555768717668503,0.0469293744988683,15,68
S28_KDH,의자 착석,2,532.475,547.475,15.0,20.154882934550304,94.9367088607595,8.279538443496293,45.1171875,11.875344491054012,49.819521360759495,0.010549259066707535,0.053023384792195524,18,68
S28_KDH,의자 착석,3,532.475,547.475,15.0,20.154882934550304,94.9367088607595,6.317487392386584,52.323729789405846,13.83739554216372,42.61297907135365,0.023758920934011347,0.04690955229812194,56,9
S28_KDH,운동 후 호흡,1,552.475,602.475,50.0,20.329186716185276,76.92307692307692,4.98046875,57.336371274352224,15.348717966185276,19.586705648724696,0.010056880469978317,0.03271324679285741,59,19
S28_KDH,운동 후 호흡,2,552.475,602.475,50.0,20.329186716185276,76.92307692307692,20.05960991592779,45.1171875,0.26957680025748587,31.80588942307692,0.01675007829469807,0.04289231391432671,64,30
S28_KDH,운동 후 호흡,3,552.475,602.475,50.0,20.329186716185276,76.92307692307692,20.51474322616537,48.9349081486453,0.185556509980092,27.98816877443162,0.01862559547412972,0.027713697381460678,60,32
