subject,task,label,start_s,end_s,source,confidence
S07_KDM,S01_angle,FACE_R1,30.45850000000005,38.45850000000005,화면 1분+회전 피크,A
S07_KDM,S01_angle,FACE_R1,34.45850000000005,42.45850000000005,화면 1분+회전 피크,A
S07_KDM,S01_angle,FACE_R1,38.45850000000005,46.45850000000005,화면 1분+회전 피크,A
S07_KDM,S01_angle,FACE_R1,42.45850000000005,50.45850000000005,화면 1분+회전 피크,A
S07_KDM,S01_angle,FACE_R1,46.45850000000005,54.45850000000005,화면 1분+회전 피크,A
S07_KDM,S01_angle,FACE_R1,50.45850000000005,58.45850000000005,화면 1분+회전 피크,A
S07_KDM,S01_angle,FACE_R1,54.45850000000005,62.45850000000005,화면 1분+회전 피크,A
S07_KDM,S01_angle,FACE_R1,58.45850000000005,66.45850000000004,화면 1분+회전 피크,A
S07_KDM,S01_angle,FACE_R1,62.45850000000005,70.45850000000004,화면 1분+회전 피크,A
S07_KDM,S01_angle,FACE_R1,66.45850000000004,74.45850000000004,화면 1분+회전 피크,A
S07_KDM,S01_angle,FACE_R1,70.45850000000004,78.45850000000004,화면 1분+회전 피크,A
S07_KDM,S01_angle,FACE_R2,88.4,96.4,회전 피크 사이,A
S07_KDM,S01_angle,FACE_R2,92.4,100.4,회전 피크 사이,A
S07_KDM,S01_angle,FACE_R2,96.4,104.4,회전 피크 사이,A
S07_KDM,S01_angle,FACE_R2,100.4,108.4,회전 피크 사이,A
S07_KDM,S01_angle,FACE_R2,104.4,112.4,회전 피크 사이,A
S07_KDM,S01_angle,FACE_R2,108.4,116.4,회전 피크 사이,A
S07_KDM,S01_angle,FACE_R2,112.4,120.4,회전 피크 사이,A
S07_KDM,S01_angle,FACE_R2,116.4,124.4,회전 피크 사이,A
S07_KDM,S01_angle,FACE_R2,120.4,128.4,회전 피크 사이,A
S07_KDM,S01_angle,FACE_R2,124.4,132.4,회전 피크 사이,A
S07_KDM,S01_angle,FACE_R2,128.4,136.4,회전 피크 사이,A
S07_KDM,S01_angle,FACE_R2,132.4,140.4,회전 피크 사이,A
S07_KDM,S01_angle,FACE_R3,150.3,158.3,두 번째 회전 후,A
S07_KDM,S01_angle,FACE_R3,154.3,162.3,두 번째 회전 후,A
S07_KDM,S01_angle,FACE_R3,158.3,166.3,두 번째 회전 후,A
S07_KDM,S01_angle,FACE_R3,162.3,170.3,두 번째 회전 후,A
S07_KDM,S01_angle,FACE_R3,166.3,174.3,두 번째 회전 후,A
S07_KDM,S01_angle,FACE_R3,170.3,178.3,두 번째 회전 후,A
S07_KDM,S01_angle,FACE_R3,174.3,182.3,두 번째 회전 후,A
S07_KDM,S01_angle,FACE_R3,178.3,186.3,두 번째 회전 후,A
S07_KDM,S01_angle,FACE_R3,182.3,190.3,두 번째 회전 후,A
S07_KDM,S01_angle,FACE_R3,186.3,194.3,두 번째 회전 후,A
S07_KDM,S01_angle,FACE_R3,190.3,198.3,두 번째 회전 후,A
S07_KDM,S02_state,NORMAL,286.1890000000001,296.1890000000001,화면 시간표,A
S07_KDM,S02_state,NORMAL,291.1890000000001,301.1890000000001,화면 시간표,A
S07_KDM,S02_state,NORMAL,296.1890000000001,306.1890000000001,화면 시간표,A
S07_KDM,S02_state,NORMAL,301.1890000000001,311.1890000000001,화면 시간표,A
S07_KDM,S02_state,NORMAL,306.1890000000001,316.1890000000001,화면 시간표,A
S07_KDM,S02_state,NORMAL,311.1890000000001,321.1890000000001,화면 시간표,A
S07_KDM,S02_state,NORMAL,316.1890000000001,326.1890000000001,화면 시간표,A
S07_KDM,S02_state,NORMAL,321.1890000000001,331.1890000000001,화면 시간표,A
S07_KDM,S02_state,NORMAL,326.1890000000001,336.1890000000001,화면 시간표,A
S07_KDM,S02_state,SLOW,346.1890000000001,356.1890000000001,화면 시간표,A
S07_KDM,S02_state,SLOW,351.1890000000001,361.1890000000001,화면 시간표,A
S07_KDM,S02_state,SLOW,356.1890000000001,366.1890000000001,화면 시간표,A
S07_KDM,S02_state,SLOW,361.1890000000001,371.1890000000001,화면 시간표,A
S07_KDM,S02_state,SLOW,366.1890000000001,376.1890000000001,화면 시간표,A
S07_KDM,S02_state,SLOW,371.1890000000001,381.1890000000001,화면 시간표,A
S07_KDM,S02_state,SLOW,376.1890000000001,386.1890000000001,화면 시간표,A
S07_KDM,S02_state,SLOW,381.1890000000001,391.1890000000001,화면 시간표,A
S07_KDM,S02_state,SLOW,386.1890000000001,396.1890000000001,화면 시간표,A
S07_KDM,S02_state,HOLD,403.1890000000001,411.1890000000001,25~30초 허용+RSP 확인,B
S07_KDM,S02_state,HOLD,407.1890000000001,415.1890000000001,25~30초 허용+RSP 확인,B
S07_KDM,S02_state,HOLD,411.1890000000001,419.1890000000001,25~30초 허용+RSP 확인,B
S07_KDM,S02_state,HOLD,415.1890000000001,423.1890000000001,25~30초 허용+RSP 확인,B
S07_KDM,S02_state,HOLD,419.1890000000001,427.1890000000001,25~30초 허용+RSP 확인,B
S07_KDM,S02_state,POST_HOLD,436.1890000000001,446.1890000000001,RSP 재개 후~운동 준비 전,B
S07_KDM,S02_state,POST_HOLD,441.1890000000001,451.1890000000001,RSP 재개 후~운동 준비 전,B
S07_KDM,S02_state,POST_HOLD,446.1890000000001,456.1890000000001,RSP 재개 후~운동 준비 전,B
S07_KDM,S02_state,POST_HOLD,451.1890000000001,461.1890000000001,RSP 재개 후~운동 준비 전,B
S07_KDM,S02_state,POST_HOLD,456.1890000000001,466.1890000000001,RSP 재개 후~운동 준비 전,B
S07_KDM,S02_state,POST_HOLD,461.1890000000001,471.1890000000001,RSP 재개 후~운동 준비 전,B
S07_KDM,S02_state,POST_HOLD,466.1890000000001,476.1890000000001,RSP 재개 후~운동 준비 전,B
S07_KDM,S02_state,POST_HOLD,471.1890000000001,481.1890000000001,RSP 재개 후~운동 준비 전,B
S07_KDM,S02_state,POST_HOLD,476.1890000000001,486.1890000000001,RSP 재개 후~운동 준비 전,B
S07_KDM,S02_state,SQUAT,511.1890000000001,521.1890000000001,화면 시간표(준비/착석 제외),A
S07_KDM,S02_state,SQUAT,516.1890000000001,526.1890000000001,화면 시간표(준비/착석 제외),A
S07_KDM,S02_state,SQUAT,521.1890000000001,531.1890000000001,화면 시간표(준비/착석 제외),A
S07_KDM,S02_state,SQUAT,526.1890000000001,536.1890000000001,화면 시간표(준비/착석 제외),A
S07_KDM,S02_state,SQUAT,531.1890000000001,541.1890000000001,화면 시간표(준비/착석 제외),A
S07_KDM,S02_state,SQUAT,536.1890000000001,546.1890000000001,화면 시간표(준비/착석 제외),A
S07_KDM,S02_state,SQUAT,541.1890000000001,551.1890000000001,화면 시간표(준비/착석 제외),A
S07_KDM,S02_state,SQUAT,546.1890000000001,556.1890000000001,화면 시간표(준비/착석 제외),A
S07_KDM,S02_state,SQUAT,551.1890000000001,561.1890000000001,화면 시간표(준비/착석 제외),A
S07_KDM,S02_state,POST_EXERCISE,586.1890000000001,596.1890000000001,화면 시간표(착석 후 5초 제외),A
S07_KDM,S02_state,POST_EXERCISE,591.1890000000001,601.1890000000001,화면 시간표(착석 후 5초 제외),A
S07_KDM,S02_state,POST_EXERCISE,596.1890000000001,606.1890000000001,화면 시간표(착석 후 5초 제외),A
S07_KDM,S02_state,POST_EXERCISE,601.1890000000001,611.1890000000001,화면 시간표(착석 후 5초 제외),A
S07_KDM,S02_state,POST_EXERCISE,606.1890000000001,616.1890000000001,화면 시간표(착석 후 5초 제외),A
S07_KDM,S02_state,POST_EXERCISE,611.1890000000001,621.1890000000001,화면 시간표(착석 후 5초 제외),A
S07_KDM,S02_state,POST_EXERCISE,616.1890000000001,626.1890000000001,화면 시간표(착석 후 5초 제외),A
S07_KDM,S02_state,POST_EXERCISE,621.1890000000001,631.1890000000001,화면 시간표(착석 후 5초 제외),A
S07_KDM,S02_state,POST_EXERCISE,626.1890000000001,636.1890000000001,화면 시간표(착석 후 5초 제외),A
S08_MDO,S01_angle,FACE_R1,36.98000000000005,44.98000000000005,화면 1분+회전 피크,A
S08_MDO,S01_angle,FACE_R1,40.98000000000005,48.98000000000005,화면 1분+회전 피크,A
S08_MDO,S01_angle,FACE_R1,44.98000000000005,52.98000000000005,화면 1분+회전 피크,A
S08_MDO,S01_angle,FACE_R1,48.98000000000005,56.98000000000005,화면 1분+회전 피크,A
S08_MDO,S01_angle,FACE_R1,52.98000000000005,60.98000000000005,화면 1분+회전 피크,A
S08_MDO,S01_angle,FACE_R1,56.98000000000005,64.98000000000005,화면 1분+회전 피크,A
S08_MDO,S01_angle,FACE_R1,60.98000000000005,68.98000000000005,화면 1분+회전 피크,A
S08_MDO,S01_angle,FACE_R1,64.98000000000005,72.98000000000005,화면 1분+회전 피크,A
S08_MDO,S01_angle,FACE_R1,68.98000000000005,76.98000000000005,화면 1분+회전 피크,A
S08_MDO,S01_angle,FACE_R1,72.98000000000005,80.98000000000005,화면 1분+회전 피크,A
S08_MDO,S01_angle,FACE_R1,76.98000000000005,84.98000000000005,화면 1분+회전 피크,A
S08_MDO,S01_angle,FACE_R2,94.1,102.1,회전 피크 사이,A
S08_MDO,S01_angle,FACE_R2,98.1,106.1,회전 피크 사이,A
S08_MDO,S01_angle,FACE_R2,102.1,110.1,회전 피크 사이,A
S08_MDO,S01_angle,FACE_R2,106.1,114.1,회전 피크 사이,A
S08_MDO,S01_angle,FACE_R2,110.1,118.1,회전 피크 사이,A
S08_MDO,S01_angle,FACE_R2,114.1,122.1,회전 피크 사이,A
S08_MDO,S01_angle,FACE_R2,118.1,126.1,회전 피크 사이,A
S08_MDO,S01_angle,FACE_R2,122.1,130.1,회전 피크 사이,A
S08_MDO,S01_angle,FACE_R2,126.1,134.1,회전 피크 사이,A
S08_MDO,S01_angle,FACE_R2,130.1,138.1,회전 피크 사이,A
S08_MDO,S01_angle,FACE_R2,134.1,142.1,회전 피크 사이,A
S08_MDO,S01_angle,FACE_R2,138.1,146.1,회전 피크 사이,A
S08_MDO,S01_angle,FACE_R3,155.8,163.8,두 번째 회전 후,A
S08_MDO,S01_angle,FACE_R3,159.8,167.8,두 번째 회전 후,A
S08_MDO,S01_angle,FACE_R3,163.8,171.8,두 번째 회전 후,A
S08_MDO,S01_angle,FACE_R3,167.8,175.8,두 번째 회전 후,A
S08_MDO,S01_angle,FACE_R3,171.8,179.8,두 번째 회전 후,A
S08_MDO,S01_angle,FACE_R3,175.8,183.8,두 번째 회전 후,A
S08_MDO,S01_angle,FACE_R3,179.8,187.8,두 번째 회전 후,A
S08_MDO,S01_angle,FACE_R3,183.8,191.8,두 번째 회전 후,A
S08_MDO,S01_angle,FACE_R3,187.8,195.8,두 번째 회전 후,A
S08_MDO,S01_angle,FACE_R3,191.8,199.8,두 번째 회전 후,A
S08_MDO,S01_angle,FACE_R3,195.8,203.8,두 번째 회전 후,A
S08_MDO,S02_state,NORMAL,278.17,288.17,화면 시간표,A
S08_MDO,S02_state,NORMAL,283.17,293.17,화면 시간표,A
S08_MDO,S02_state,NORMAL,288.17,298.17,화면 시간표,A
S08_MDO,S02_state,NORMAL,293.17,303.17,화면 시간표,A
S08_MDO,S02_state,NORMAL,298.17,308.17,화면 시간표,A
S08_MDO,S02_state,NORMAL,303.17,313.17,화면 시간표,A
S08_MDO,S02_state,NORMAL,308.17,318.17,화면 시간표,A
S08_MDO,S02_state,NORMAL,313.17,323.17,화면 시간표,A
S08_MDO,S02_state,NORMAL,318.17,328.17,화면 시간표,A
S08_MDO,S02_state,SLOW,338.17,348.17,화면 시간표,A
S08_MDO,S02_state,SLOW,343.17,353.17,화면 시간표,A
S08_MDO,S02_state,SLOW,348.17,358.17,화면 시간표,A
S08_MDO,S02_state,SLOW,353.17,363.17,화면 시간표,A
S08_MDO,S02_state,SLOW,358.17,368.17,화면 시간표,A
S08_MDO,S02_state,SLOW,363.17,373.17,화면 시간표,A
S08_MDO,S02_state,SLOW,368.17,378.17,화면 시간표,A
S08_MDO,S02_state,SLOW,373.17,383.17,화면 시간표,A
S08_MDO,S02_state,SLOW,378.17,388.17,화면 시간표,A
S08_MDO,S02_state,HOLD,395.17,403.17,25~30초 허용+RSP 확인,B
S08_MDO,S02_state,HOLD,399.17,407.17,25~30초 허용+RSP 확인,B
S08_MDO,S02_state,HOLD,403.17,411.17,25~30초 허용+RSP 확인,B
S08_MDO,S02_state,HOLD,407.17,415.17,25~30초 허용+RSP 확인,B
S08_MDO,S02_state,POST_HOLD,423.17,433.17,RSP 재개 후~운동 준비 전,B
S08_MDO,S02_state,POST_HOLD,428.17,438.17,RSP 재개 후~운동 준비 전,B
S08_MDO,S02_state,POST_HOLD,433.17,443.17,RSP 재개 후~운동 준비 전,B
S08_MDO,S02_state,POST_HOLD,438.17,448.17,RSP 재개 후~운동 준비 전,B
S08_MDO,S02_state,POST_HOLD,443.17,453.17,RSP 재개 후~운동 준비 전,B
S08_MDO,S02_state,POST_HOLD,448.17,458.17,RSP 재개 후~운동 준비 전,B
S08_MDO,S02_state,POST_HOLD,453.17,463.17,RSP 재개 후~운동 준비 전,B
S08_MDO,S02_state,POST_HOLD,458.17,468.17,RSP 재개 후~운동 준비 전,B
S08_MDO,S02_state,POST_HOLD,463.17,473.17,RSP 재개 후~운동 준비 전,B
S08_MDO,S02_state,POST_HOLD,468.17,478.17,RSP 재개 후~운동 준비 전,B
S08_MDO,S02_state,SQUAT,503.17,513.1700000000001,화면 시간표(준비/착석 제외),A
S08_MDO,S02_state,SQUAT,508.17,518.1700000000001,화면 시간표(준비/착석 제외),A
S08_MDO,S02_state,SQUAT,513.1700000000001,523.1700000000001,화면 시간표(준비/착석 제외),A
S08_MDO,S02_state,SQUAT,518.1700000000001,528.1700000000001,화면 시간표(준비/착석 제외),A
S08_MDO,S02_state,SQUAT,523.1700000000001,533.1700000000001,화면 시간표(준비/착석 제외),A
S08_MDO,S02_state,SQUAT,528.1700000000001,538.1700000000001,화면 시간표(준비/착석 제외),A
S08_MDO,S02_state,SQUAT,533.1700000000001,543.1700000000001,화면 시간표(준비/착석 제외),A
S08_MDO,S02_state,SQUAT,538.1700000000001,548.1700000000001,화면 시간표(준비/착석 제외),A
S08_MDO,S02_state,SQUAT,543.1700000000001,553.1700000000001,화면 시간표(준비/착석 제외),A
S08_MDO,S02_state,POST_EXERCISE,578.1700000000001,588.1700000000001,화면 시간표(착석 후 5초 제외),A
S08_MDO,S02_state,POST_EXERCISE,583.1700000000001,593.1700000000001,화면 시간표(착석 후 5초 제외),A
S08_MDO,S02_state,POST_EXERCISE,588.1700000000001,598.1700000000001,화면 시간표(착석 후 5초 제외),A
S08_MDO,S02_state,POST_EXERCISE,593.1700000000001,603.1700000000001,화면 시간표(착석 후 5초 제외),A
S08_MDO,S02_state,POST_EXERCISE,598.1700000000001,608.1700000000001,화면 시간표(착석 후 5초 제외),A
S08_MDO,S02_state,POST_EXERCISE,603.1700000000001,613.1700000000001,화면 시간표(착석 후 5초 제외),A
S08_MDO,S02_state,POST_EXERCISE,608.1700000000001,618.1700000000001,화면 시간표(착석 후 5초 제외),A
S08_MDO,S02_state,POST_EXERCISE,613.1700000000001,623.1700000000001,화면 시간표(착석 후 5초 제외),A
S08_MDO,S02_state,POST_EXERCISE,618.1700000000001,628.1700000000001,화면 시간표(착석 후 5초 제외),A
S09_HDH,S01_angle,FACE_R1,28.369500000000063,36.36950000000006,화면 1분+회전 피크,A
S09_HDH,S01_angle,FACE_R1,32.36950000000006,40.36950000000006,화면 1분+회전 피크,A
S09_HDH,S01_angle,FACE_R1,36.36950000000006,44.36950000000006,화면 1분+회전 피크,A
S09_HDH,S01_angle,FACE_R1,40.36950000000006,48.36950000000006,화면 1분+회전 피크,A
S09_HDH,S01_angle,FACE_R1,44.36950000000006,52.36950000000006,화면 1분+회전 피크,A
S09_HDH,S01_angle,FACE_R1,48.36950000000006,56.36950000000006,화면 1분+회전 피크,A
S09_HDH,S01_angle,FACE_R1,52.36950000000006,60.36950000000006,화면 1분+회전 피크,A
S09_HDH,S01_angle,FACE_R1,56.36950000000006,64.36950000000006,화면 1분+회전 피크,A
S09_HDH,S01_angle,FACE_R1,60.36950000000006,68.36950000000006,화면 1분+회전 피크,A
S09_HDH,S01_angle,FACE_R1,64.36950000000006,72.36950000000006,화면 1분+회전 피크,A
S09_HDH,S01_angle,FACE_R1,68.36950000000006,76.36950000000006,화면 1분+회전 피크,A
S09_HDH,S01_angle,FACE_R1,72.36950000000006,80.36950000000006,화면 1분+회전 피크,A
S09_HDH,S01_angle,FACE_R2,89.9,97.9,회전 피크 사이,A
S09_HDH,S01_angle,FACE_R2,93.9,101.9,회전 피크 사이,A
S09_HDH,S01_angle,FACE_R2,97.9,105.9,회전 피크 사이,A
S09_HDH,S01_angle,FACE_R2,101.9,109.9,회전 피크 사이,A
S09_HDH,S01_angle,FACE_R2,105.9,113.9,회전 피크 사이,A
S09_HDH,S01_angle,FACE_R2,109.9,117.9,회전 피크 사이,A
S09_HDH,S01_angle,FACE_R2,113.9,121.9,회전 피크 사이,A
S09_HDH,S01_angle,FACE_R2,117.9,125.9,회전 피크 사이,A
S09_HDH,S01_angle,FACE_R2,121.9,129.9,회전 피크 사이,A
S09_HDH,S01_angle,FACE_R2,125.9,133.9,회전 피크 사이,A
S09_HDH,S01_angle,FACE_R2,129.9,137.9,회전 피크 사이,A
S09_HDH,S01_angle,FACE_R2,133.9,141.9,회전 피크 사이,A
S09_HDH,S01_angle,FACE_R3,150.9,158.9,두 번째 회전 후,A
S09_HDH,S01_angle,FACE_R3,154.9,162.9,두 번째 회전 후,A
S09_HDH,S01_angle,FACE_R3,158.9,166.9,두 번째 회전 후,A
S09_HDH,S01_angle,FACE_R3,162.9,170.9,두 번째 회전 후,A
S09_HDH,S01_angle,FACE_R3,166.9,174.9,두 번째 회전 후,A
S09_HDH,S01_angle,FACE_R3,170.9,178.9,두 번째 회전 후,A
S09_HDH,S01_angle,FACE_R3,174.9,182.9,두 번째 회전 후,A
S09_HDH,S01_angle,FACE_R3,178.9,186.9,두 번째 회전 후,A
S09_HDH,S01_angle,FACE_R3,182.9,190.9,두 번째 회전 후,A
S09_HDH,S01_angle,FACE_R3,186.9,194.9,두 번째 회전 후,A
S09_HDH,S02_state,NORMAL,284.8620000000001,294.8620000000001,화면 시간표,A
S09_HDH,S02_state,NORMAL,289.8620000000001,299.8620000000001,화면 시간표,A
S09_HDH,S02_state,NORMAL,294.8620000000001,304.8620000000001,화면 시간표,A
S09_HDH,S02_state,NORMAL,299.8620000000001,309.8620000000001,화면 시간표,A
S09_HDH,S02_state,NORMAL,304.8620000000001,314.8620000000001,화면 시간표,A
S09_HDH,S02_state,NORMAL,309.8620000000001,319.8620000000001,화면 시간표,A
S09_HDH,S02_state,NORMAL,314.8620000000001,324.8620000000001,화면 시간표,A
S09_HDH,S02_state,NORMAL,319.8620000000001,329.8620000000001,화면 시간표,A
S09_HDH,S02_state,NORMAL,324.8620000000001,334.8620000000001,화면 시간표,A
S09_HDH,S02_state,SLOW,344.8620000000001,354.8620000000001,화면 시간표,A
S09_HDH,S02_state,SLOW,349.8620000000001,359.8620000000001,화면 시간표,A
S09_HDH,S02_state,SLOW,354.8620000000001,364.8620000000001,화면 시간표,A
S09_HDH,S02_state,SLOW,359.8620000000001,369.8620000000001,화면 시간표,A
S09_HDH,S02_state,SLOW,364.8620000000001,374.8620000000001,화면 시간표,A
S09_HDH,S02_state,SLOW,369.8620000000001,379.8620000000001,화면 시간표,A
S09_HDH,S02_state,SLOW,374.8620000000001,384.8620000000001,화면 시간표,A
S09_HDH,S02_state,SLOW,379.8620000000001,389.8620000000001,화면 시간표,A
S09_HDH,S02_state,SLOW,384.8620000000001,394.8620000000001,화면 시간표,A
S09_HDH,S02_state,HOLD,401.8620000000001,409.8620000000001,25~30초 허용+RSP 확인,B
S09_HDH,S02_state,HOLD,405.8620000000001,413.8620000000001,25~30초 허용+RSP 확인,B
S09_HDH,S02_state,HOLD,409.8620000000001,417.8620000000001,25~30초 허용+RSP 확인,B
S09_HDH,S02_state,HOLD,413.8620000000001,421.8620000000001,25~30초 허용+RSP 확인,B
S09_HDH,S02_state,HOLD,417.8620000000001,425.8620000000001,25~30초 허용+RSP 확인,B
S09_HDH,S02_state,POST_HOLD,434.8620000000001,444.8620000000001,RSP 재개 후~운동 준비 전,B
S09_HDH,S02_state,POST_HOLD,439.8620000000001,449.8620000000001,RSP 재개 후~운동 준비 전,B
S09_HDH,S02_state,POST_HOLD,444.8620000000001,454.8620000000001,RSP 재개 후~운동 준비 전,B
S09_HDH,S02_state,POST_HOLD,449.8620000000001,459.8620000000001,RSP 재개 후~운동 준비 전,B
S09_HDH,S02_state,POST_HOLD,454.8620000000001,464.8620000000001,RSP 재개 후~운동 준비 전,B
S09_HDH,S02_state,POST_HOLD,459.8620000000001,469.8620000000001,RSP 재개 후~운동 준비 전,B
S09_HDH,S02_state,POST_HOLD,464.8620000000001,474.8620000000001,RSP 재개 후~운동 준비 전,B
S09_HDH,S02_state,POST_HOLD,469.8620000000001,479.8620000000001,RSP 재개 후~운동 준비 전,B
S09_HDH,S02_state,POST_HOLD,474.8620000000001,484.8620000000001,RSP 재개 후~운동 준비 전,B
S09_HDH,S02_state,SQUAT,509.8620000000001,519.8620000000001,화면 시간표(준비/착석 제외),A
S09_HDH,S02_state,SQUAT,514.8620000000001,524.8620000000001,화면 시간표(준비/착석 제외),A
S09_HDH,S02_state,SQUAT,519.8620000000001,529.8620000000001,화면 시간표(준비/착석 제외),A
S09_HDH,S02_state,SQUAT,524.8620000000001,534.8620000000001,화면 시간표(준비/착석 제외),A
S09_HDH,S02_state,SQUAT,529.8620000000001,539.8620000000001,화면 시간표(준비/착석 제외),A
S09_HDH,S02_state,SQUAT,534.8620000000001,544.8620000000001,화면 시간표(준비/착석 제외),A
S09_HDH,S02_state,SQUAT,539.8620000000001,549.8620000000001,화면 시간표(준비/착석 제외),A
S09_HDH,S02_state,SQUAT,544.8620000000001,554.8620000000001,화면 시간표(준비/착석 제외),A
S09_HDH,S02_state,SQUAT,549.8620000000001,559.8620000000001,화면 시간표(준비/착석 제외),A
S09_HDH,S02_state,POST_EXERCISE,584.8620000000001,594.8620000000001,화면 시간표(착석 후 5초 제외),A
S09_HDH,S02_state,POST_EXERCISE,589.8620000000001,599.8620000000001,화면 시간표(착석 후 5초 제외),A
S09_HDH,S02_state,POST_EXERCISE,594.8620000000001,604.8620000000001,화면 시간표(착석 후 5초 제외),A
S09_HDH,S02_state,POST_EXERCISE,599.8620000000001,609.8620000000001,화면 시간표(착석 후 5초 제외),A
S09_HDH,S02_state,POST_EXERCISE,604.8620000000001,614.8620000000001,화면 시간표(착석 후 5초 제외),A
S09_HDH,S02_state,POST_EXERCISE,609.8620000000001,619.8620000000001,화면 시간표(착석 후 5초 제외),A
S09_HDH,S02_state,POST_EXERCISE,614.8620000000001,624.8620000000001,화면 시간표(착석 후 5초 제외),A
S09_HDH,S02_state,POST_EXERCISE,619.8620000000001,629.8620000000001,화면 시간표(착석 후 5초 제외),A
S09_HDH,S02_state,POST_EXERCISE,624.8620000000001,634.8620000000001,화면 시간표(착석 후 5초 제외),A
S17_RJS,S01_angle,FACE_R1,27.840916500000052,35.84091650000005,화면 1분+회전 피크,A
S17_RJS,S01_angle,FACE_R1,31.840916500000052,39.84091650000005,화면 1분+회전 피크,A
S17_RJS,S01_angle,FACE_R1,35.84091650000005,43.84091650000005,화면 1분+회전 피크,A
S17_RJS,S01_angle,FACE_R1,39.84091650000005,47.84091650000005,화면 1분+회전 피크,A
S17_RJS,S01_angle,FACE_R1,43.84091650000005,51.84091650000005,화면 1분+회전 피크,A
S17_RJS,S01_angle,FACE_R1,47.84091650000005,55.84091650000005,화면 1분+회전 피크,A
S17_RJS,S01_angle,FACE_R1,51.84091650000005,59.84091650000005,화면 1분+회전 피크,A
S17_RJS,S01_angle,FACE_R1,55.84091650000005,63.84091650000005,화면 1분+회전 피크,A
S17_RJS,S01_angle,FACE_R1,59.84091650000005,67.84091650000005,화면 1분+회전 피크,A
S17_RJS,S01_angle,FACE_R1,63.84091650000005,71.84091650000005,화면 1분+회전 피크,A
S17_RJS,S01_angle,FACE_R1,67.84091650000005,75.84091650000005,화면 1분+회전 피크,A
S17_RJS,S01_angle,FACE_R1,71.84091650000005,79.84091650000005,화면 1분+회전 피크,A
S17_RJS,S01_angle,FACE_R2,90.0,98.0,회전 피크 사이,A
S17_RJS,S01_angle,FACE_R2,94.0,102.0,회전 피크 사이,A
S17_RJS,S01_angle,FACE_R2,98.0,106.0,회전 피크 사이,A
S17_RJS,S01_angle,FACE_R2,102.0,110.0,회전 피크 사이,A
S17_RJS,S01_angle,FACE_R2,106.0,114.0,회전 피크 사이,A
S17_RJS,S01_angle,FACE_R2,110.0,118.0,회전 피크 사이,A
S17_RJS,S01_angle,FACE_R2,114.0,122.0,회전 피크 사이,A
S17_RJS,S01_angle,FACE_R2,118.0,126.0,회전 피크 사이,A
S17_RJS,S01_angle,FACE_R2,122.0,130.0,회전 피크 사이,A
S17_RJS,S01_angle,FACE_R2,126.0,134.0,회전 피크 사이,A
S17_RJS,S01_angle,FACE_R2,130.0,138.0,회전 피크 사이,A
S17_RJS,S01_angle,FACE_R2,134.0,142.0,회전 피크 사이,A
S17_RJS,S01_angle,FACE_R3,152.2,160.2,두 번째 회전 후,A
S17_RJS,S01_angle,FACE_R3,156.2,164.2,두 번째 회전 후,A
S17_RJS,S01_angle,FACE_R3,160.2,168.2,두 번째 회전 후,A
S17_RJS,S01_angle,FACE_R3,164.2,172.2,두 번째 회전 후,A
S17_RJS,S01_angle,FACE_R3,168.2,176.2,두 번째 회전 후,A
S17_RJS,S01_angle,FACE_R3,172.2,180.2,두 번째 회전 후,A
S17_RJS,S01_angle,FACE_R3,176.2,184.2,두 번째 회전 후,A
S17_RJS,S01_angle,FACE_R3,180.2,188.2,두 번째 회전 후,A
S17_RJS,S01_angle,FACE_R3,184.2,192.2,두 번째 회전 후,A
S17_RJS,S01_angle,FACE_R3,188.2,196.2,두 번째 회전 후,A
S17_RJS,S02_state,NORMAL,243.63020000000003,253.63020000000003,화면 시간표,A
S17_RJS,S02_state,NORMAL,248.63020000000003,258.63020000000006,화면 시간표,A
S17_RJS,S02_state,NORMAL,253.63020000000003,263.63020000000006,화면 시간표,A
S17_RJS,S02_state,NORMAL,258.63020000000006,268.63020000000006,화면 시간표,A
S17_RJS,S02_state,NORMAL,263.63020000000006,273.63020000000006,화면 시간표,A
S17_RJS,S02_state,NORMAL,268.63020000000006,278.63020000000006,화면 시간표,A
S17_RJS,S02_state,NORMAL,273.63020000000006,283.63020000000006,화면 시간표,A
S17_RJS,S02_state,NORMAL,278.63020000000006,288.63020000000006,화면 시간표,A
S17_RJS,S02_state,NORMAL,283.63020000000006,293.63020000000006,화면 시간표,A
S17_RJS,S02_state,SLOW,303.63020000000006,313.63020000000006,화면 시간표,A
S17_RJS,S02_state,SLOW,308.63020000000006,318.63020000000006,화면 시간표,A
S17_RJS,S02_state,SLOW,313.63020000000006,323.63020000000006,화면 시간표,A
S17_RJS,S02_state,SLOW,318.63020000000006,328.63020000000006,화면 시간표,A
S17_RJS,S02_state,SLOW,323.63020000000006,333.63020000000006,화면 시간표,A
S17_RJS,S02_state,SLOW,328.63020000000006,338.63020000000006,화면 시간표,A
S17_RJS,S02_state,SLOW,333.63020000000006,343.63020000000006,화면 시간표,A
S17_RJS,S02_state,SLOW,338.63020000000006,348.63020000000006,화면 시간표,A
S17_RJS,S02_state,SLOW,343.63020000000006,353.63020000000006,화면 시간표,A
S17_RJS,S02_state,HOLD,360.63020000000006,368.63020000000006,25~30초 허용+RSP 확인,B
S17_RJS,S02_state,HOLD,364.63020000000006,372.63020000000006,25~30초 허용+RSP 확인,B
S17_RJS,S02_state,HOLD,368.63020000000006,376.63020000000006,25~30초 허용+RSP 확인,B
S17_RJS,S02_state,HOLD,372.63020000000006,380.63020000000006,25~30초 허용+RSP 확인,B
S17_RJS,S02_state,HOLD,376.63020000000006,384.63020000000006,25~30초 허용+RSP 확인,B
S17_RJS,S02_state,POST_HOLD,393.25,403.25,RSP 재개 후~운동 준비 전,B
S17_RJS,S02_state,POST_HOLD,398.25,408.25,RSP 재개 후~운동 준비 전,B
S17_RJS,S02_state,POST_HOLD,403.25,413.25,RSP 재개 후~운동 준비 전,B
S17_RJS,S02_state,POST_HOLD,408.25,418.25,RSP 재개 후~운동 준비 전,B
S17_RJS,S02_state,POST_HOLD,413.25,423.25,RSP 재개 후~운동 준비 전,B
S17_RJS,S02_state,POST_HOLD,418.25,428.25,RSP 재개 후~운동 준비 전,B
S17_RJS,S02_state,POST_HOLD,423.25,433.25,RSP 재개 후~운동 준비 전,B
S17_RJS,S02_state,POST_HOLD,428.25,438.25,RSP 재개 후~운동 준비 전,B
S17_RJS,S02_state,POST_HOLD,433.25,443.25,RSP 재개 후~운동 준비 전,B
S17_RJS,S02_state,SQUAT,468.63020000000006,478.63020000000006,화면 시간표(준비/착석 제외),A
S17_RJS,S02_state,SQUAT,473.63020000000006,483.63020000000006,화면 시간표(준비/착석 제외),A
S17_RJS,S02_state,SQUAT,478.63020000000006,488.63020000000006,화면 시간표(준비/착석 제외),A
S17_RJS,S02_state,SQUAT,483.63020000000006,493.63020000000006,화면 시간표(준비/착석 제외),A
S17_RJS,S02_state,SQUAT,488.63020000000006,498.63020000000006,화면 시간표(준비/착석 제외),A
S17_RJS,S02_state,SQUAT,493.63020000000006,503.63020000000006,화면 시간표(준비/착석 제외),A
S17_RJS,S02_state,SQUAT,498.63020000000006,508.63020000000006,화면 시간표(준비/착석 제외),A
S17_RJS,S02_state,SQUAT,503.63020000000006,513.6302000000001,화면 시간표(준비/착석 제외),A
S17_RJS,S02_state,SQUAT,508.63020000000006,518.6302000000001,화면 시간표(준비/착석 제외),A
S17_RJS,S02_state,POST_EXERCISE,543.6302000000001,553.6302000000001,화면 시간표(착석 후 5초 제외),A
S17_RJS,S02_state,POST_EXERCISE,548.6302000000001,558.6302000000001,화면 시간표(착석 후 5초 제외),A
S17_RJS,S02_state,POST_EXERCISE,553.6302000000001,563.6302000000001,화면 시간표(착석 후 5초 제외),A
S17_RJS,S02_state,POST_EXERCISE,558.6302000000001,568.6302000000001,화면 시간표(착석 후 5초 제외),A
S17_RJS,S02_state,POST_EXERCISE,563.6302000000001,573.6302000000001,화면 시간표(착석 후 5초 제외),A
S17_RJS,S02_state,POST_EXERCISE,568.6302000000001,578.6302000000001,화면 시간표(착석 후 5초 제외),A
S17_RJS,S02_state,POST_EXERCISE,573.6302000000001,583.6302000000001,화면 시간표(착석 후 5초 제외),A
S17_RJS,S02_state,POST_EXERCISE,578.6302000000001,588.6302000000001,화면 시간표(착석 후 5초 제외),A
S17_RJS,S02_state,POST_EXERCISE,583.6302000000001,593.6302000000001,화면 시간표(착석 후 5초 제외),A
S18_LJH,S01_angle,FACE_R1,28.488000000000035,36.488000000000035,화면 1분+회전 피크,A
S18_LJH,S01_angle,FACE_R1,32.488000000000035,40.488000000000035,화면 1분+회전 피크,A
S18_LJH,S01_angle,FACE_R1,36.488000000000035,44.488000000000035,화면 1분+회전 피크,A
S18_LJH,S01_angle,FACE_R1,40.488000000000035,48.488000000000035,화면 1분+회전 피크,A
S18_LJH,S01_angle,FACE_R1,44.488000000000035,52.488000000000035,화면 1분+회전 피크,A
S18_LJH,S01_angle,FACE_R1,48.488000000000035,56.488000000000035,화면 1분+회전 피크,A
S18_LJH,S01_angle,FACE_R1,52.488000000000035,60.488000000000035,화면 1분+회전 피크,A
S18_LJH,S01_angle,FACE_R1,56.488000000000035,64.48800000000003,화면 1분+회전 피크,A
S18_LJH,S01_angle,FACE_R1,60.488000000000035,68.48800000000003,화면 1분+회전 피크,A
S18_LJH,S01_angle,FACE_R1,64.48800000000003,72.48800000000003,화면 1분+회전 피크,A
S18_LJH,S01_angle,FACE_R1,68.48800000000003,76.48800000000003,화면 1분+회전 피크,A
S18_LJH,S01_angle,FACE_R2,87.0,95.0,회전 피크 사이,A
S18_LJH,S01_angle,FACE_R2,91.0,99.0,회전 피크 사이,A
S18_LJH,S01_angle,FACE_R2,95.0,103.0,회전 피크 사이,A
S18_LJH,S01_angle,FACE_R2,99.0,107.0,회전 피크 사이,A
S18_LJH,S01_angle,FACE_R2,103.0,111.0,회전 피크 사이,A
S18_LJH,S01_angle,FACE_R2,107.0,115.0,회전 피크 사이,A
S18_LJH,S01_angle,FACE_R2,111.0,119.0,회전 피크 사이,A
S18_LJH,S01_angle,FACE_R2,115.0,123.0,회전 피크 사이,A
S18_LJH,S01_angle,FACE_R2,119.0,127.0,회전 피크 사이,A
S18_LJH,S01_angle,FACE_R2,123.0,131.0,회전 피크 사이,A
S18_LJH,S01_angle,FACE_R2,127.0,135.0,회전 피크 사이,A
S18_LJH,S01_angle,FACE_R2,131.0,139.0,회전 피크 사이,A
S18_LJH,S01_angle,FACE_R3,148.9,156.9,두 번째 회전 후,A
S18_LJH,S01_angle,FACE_R3,152.9,160.9,두 번째 회전 후,A
S18_LJH,S01_angle,FACE_R3,156.9,164.9,두 번째 회전 후,A
S18_LJH,S01_angle,FACE_R3,160.9,168.9,두 번째 회전 후,A
S18_LJH,S01_angle,FACE_R3,164.9,172.9,두 번째 회전 후,A
S18_LJH,S01_angle,FACE_R3,168.9,176.9,두 번째 회전 후,A
S18_LJH,S01_angle,FACE_R3,172.9,180.9,두 번째 회전 후,A
S18_LJH,S01_angle,FACE_R3,176.9,184.9,두 번째 회전 후,A
S18_LJH,S01_angle,FACE_R3,180.9,188.9,두 번째 회전 후,A
S18_LJH,S01_angle,FACE_R3,184.9,192.9,두 번째 회전 후,A
S18_LJH,S01_angle,FACE_R3,188.9,196.9,두 번째 회전 후,A
S18_LJH,S02_state,NORMAL,242.43400000000003,252.43400000000003,화면 시간표,A
S18_LJH,S02_state,NORMAL,247.43400000000003,257.434,화면 시간표,A
S18_LJH,S02_state,NORMAL,252.43400000000003,262.434,화면 시간표,A
S18_LJH,S02_state,NORMAL,257.434,267.434,화면 시간표,A
S18_LJH,S02_state,NORMAL,262.434,272.434,화면 시간표,A
S18_LJH,S02_state,NORMAL,267.434,277.434,화면 시간표,A
S18_LJH,S02_state,NORMAL,272.434,282.434,화면 시간표,A
S18_LJH,S02_state,NORMAL,277.434,287.434,화면 시간표,A
S18_LJH,S02_state,NORMAL,282.434,292.434,화면 시간표,A
S18_LJH,S02_state,SLOW,302.434,312.434,화면 시간표,A
S18_LJH,S02_state,SLOW,307.434,317.434,화면 시간표,A
S18_LJH,S02_state,SLOW,312.434,322.434,화면 시간표,A
S18_LJH,S02_state,SLOW,317.434,327.434,화면 시간표,A
S18_LJH,S02_state,SLOW,322.434,332.434,화면 시간표,A
S18_LJH,S02_state,SLOW,327.434,337.434,화면 시간표,A
S18_LJH,S02_state,SLOW,332.434,342.434,화면 시간표,A
S18_LJH,S02_state,SLOW,337.434,347.434,화면 시간표,A
S18_LJH,S02_state,SLOW,342.434,352.434,화면 시간표,A
S18_LJH,S02_state,HOLD,359.434,367.434,25~30초 허용+RSP 확인,B
S18_LJH,S02_state,HOLD,363.434,371.434,25~30초 허용+RSP 확인,B
S18_LJH,S02_state,HOLD,367.434,375.434,25~30초 허용+RSP 확인,B
S18_LJH,S02_state,HOLD,371.434,379.434,25~30초 허용+RSP 확인,B
S18_LJH,S02_state,HOLD,375.434,383.434,25~30초 허용+RSP 확인,B
S18_LJH,S02_state,POST_HOLD,392.434,402.434,RSP 재개 후~운동 준비 전,B
S18_LJH,S02_state,POST_HOLD,397.434,407.434,RSP 재개 후~운동 준비 전,B
S18_LJH,S02_state,POST_HOLD,402.434,412.434,RSP 재개 후~운동 준비 전,B
S18_LJH,S02_state,POST_HOLD,407.434,417.434,RSP 재개 후~운동 준비 전,B
S18_LJH,S02_state,POST_HOLD,412.434,422.434,RSP 재개 후~운동 준비 전,B
S18_LJH,S02_state,POST_HOLD,417.434,427.434,RSP 재개 후~운동 준비 전,B
S18_LJH,S02_state,POST_HOLD,422.434,432.434,RSP 재개 후~운동 준비 전,B
S18_LJH,S02_state,POST_HOLD,427.434,437.434,RSP 재개 후~운동 준비 전,B
S18_LJH,S02_state,POST_HOLD,432.434,442.434,RSP 재개 후~운동 준비 전,B
S18_LJH,S02_state,SQUAT,467.434,477.434,화면 시간표(준비/착석 제외),A
S18_LJH,S02_state,SQUAT,472.434,482.434,화면 시간표(준비/착석 제외),A
S18_LJH,S02_state,SQUAT,477.434,487.434,화면 시간표(준비/착석 제외),A
S18_LJH,S02_state,SQUAT,482.434,492.434,화면 시간표(준비/착석 제외),A
S18_LJH,S02_state,SQUAT,487.434,497.434,화면 시간표(준비/착석 제외),A
S18_LJH,S02_state,SQUAT,492.434,502.434,화면 시간표(준비/착석 제외),A
S18_LJH,S02_state,SQUAT,497.434,507.434,화면 시간표(준비/착석 제외),A
S18_LJH,S02_state,SQUAT,502.434,512.434,화면 시간표(준비/착석 제외),A
S18_LJH,S02_state,SQUAT,507.434,517.434,화면 시간표(준비/착석 제외),A
S18_LJH,S02_state,POST_EXERCISE,542.434,552.434,화면 시간표(착석 후 5초 제외),A
S18_LJH,S02_state,POST_EXERCISE,547.434,557.434,화면 시간표(착석 후 5초 제외),A
S18_LJH,S02_state,POST_EXERCISE,552.434,562.434,화면 시간표(착석 후 5초 제외),A
S18_LJH,S02_state,POST_EXERCISE,557.434,567.434,화면 시간표(착석 후 5초 제외),A
S18_LJH,S02_state,POST_EXERCISE,562.434,572.434,화면 시간표(착석 후 5초 제외),A
S18_LJH,S02_state,POST_EXERCISE,567.434,577.434,화면 시간표(착석 후 5초 제외),A
S18_LJH,S02_state,POST_EXERCISE,572.434,582.434,화면 시간표(착석 후 5초 제외),A
S18_LJH,S02_state,POST_EXERCISE,577.434,587.434,화면 시간표(착석 후 5초 제외),A
S18_LJH,S02_state,POST_EXERCISE,582.434,592.434,화면 시간표(착석 후 5초 제외),A
S19_CHW,S01_angle,FACE_R1,32.86400000000003,40.86400000000003,화면 1분+회전 피크,A
S19_CHW,S01_angle,FACE_R1,36.86400000000003,44.86400000000003,화면 1분+회전 피크,A
S19_CHW,S01_angle,FACE_R1,40.86400000000003,48.86400000000003,화면 1분+회전 피크,A
S19_CHW,S01_angle,FACE_R1,44.86400000000003,52.86400000000003,화면 1분+회전 피크,A
S19_CHW,S01_angle,FACE_R1,48.86400000000003,56.86400000000003,화면 1분+회전 피크,A
S19_CHW,S01_angle,FACE_R1,52.86400000000003,60.86400000000003,화면 1분+회전 피크,A
S19_CHW,S01_angle,FACE_R1,56.86400000000003,64.86400000000003,화면 1분+회전 피크,A
S19_CHW,S01_angle,FACE_R1,60.86400000000003,68.86400000000003,화면 1분+회전 피크,A
S19_CHW,S01_angle,FACE_R1,64.86400000000003,72.86400000000003,화면 1분+회전 피크,A
S19_CHW,S01_angle,FACE_R1,68.86400000000003,76.86400000000003,화면 1분+회전 피크,A
S19_CHW,S01_angle,FACE_R2,88.0,96.0,회전 피크 사이,A
S19_CHW,S01_angle,FACE_R2,92.0,100.0,회전 피크 사이,A
S19_CHW,S01_angle,FACE_R2,96.0,104.0,회전 피크 사이,A
S19_CHW,S01_angle,FACE_R2,100.0,108.0,회전 피크 사이,A
S19_CHW,S01_angle,FACE_R2,104.0,112.0,회전 피크 사이,A
S19_CHW,S01_angle,FACE_R2,108.0,116.0,회전 피크 사이,A
S19_CHW,S01_angle,FACE_R2,112.0,120.0,회전 피크 사이,A
S19_CHW,S01_angle,FACE_R2,116.0,124.0,회전 피크 사이,A
S19_CHW,S01_angle,FACE_R2,120.0,128.0,회전 피크 사이,A
S19_CHW,S01_angle,FACE_R2,124.0,132.0,회전 피크 사이,A
S19_CHW,S01_angle,FACE_R2,128.0,136.0,회전 피크 사이,A
S19_CHW,S01_angle,FACE_R2,132.0,140.0,회전 피크 사이,A
S19_CHW,S01_angle,FACE_R3,149.8,157.8,두 번째 회전 후,A
S19_CHW,S01_angle,FACE_R3,153.8,161.8,두 번째 회전 후,A
S19_CHW,S01_angle,FACE_R3,157.8,165.8,두 번째 회전 후,A
S19_CHW,S01_angle,FACE_R3,161.8,169.8,두 번째 회전 후,A
S19_CHW,S01_angle,FACE_R3,165.8,173.8,두 번째 회전 후,A
S19_CHW,S01_angle,FACE_R3,169.8,177.8,두 번째 회전 후,A
S19_CHW,S01_angle,FACE_R3,173.8,181.8,두 번째 회전 후,A
S19_CHW,S01_angle,FACE_R3,177.8,185.8,두 번째 회전 후,A
S19_CHW,S01_angle,FACE_R3,181.8,189.8,두 번째 회전 후,A
S19_CHW,S01_angle,FACE_R3,185.8,193.8,두 번째 회전 후,A
S19_CHW,S01_angle,FACE_R3,189.8,197.8,두 번째 회전 후,A
S19_CHW,S01_angle,FACE_R3,193.8,201.8,두 번째 회전 후,A
S19_CHW,S02_state,NORMAL,292.062,302.062,화면 시간표,A
S19_CHW,S02_state,NORMAL,297.062,307.062,화면 시간표,A
S19_CHW,S02_state,NORMAL,302.062,312.062,화면 시간표,A
S19_CHW,S02_state,NORMAL,307.062,317.062,화면 시간표,A
S19_CHW,S02_state,NORMAL,312.062,322.062,화면 시간표,A
S19_CHW,S02_state,NORMAL,317.062,327.062,화면 시간표,A
S19_CHW,S02_state,NORMAL,322.062,332.062,화면 시간표,A
S19_CHW,S02_state,NORMAL,327.062,337.062,화면 시간표,A
S19_CHW,S02_state,NORMAL,332.062,342.062,화면 시간표,A
S19_CHW,S02_state,SLOW,352.062,362.062,화면 시간표,A
S19_CHW,S02_state,SLOW,357.062,367.062,화면 시간표,A
S19_CHW,S02_state,SLOW,362.062,372.062,화면 시간표,A
S19_CHW,S02_state,SLOW,367.062,377.062,화면 시간표,A
S19_CHW,S02_state,SLOW,372.062,382.062,화면 시간표,A
S19_CHW,S02_state,SLOW,377.062,387.062,화면 시간표,A
S19_CHW,S02_state,SLOW,382.062,392.062,화면 시간표,A
S19_CHW,S02_state,SLOW,387.062,397.062,화면 시간표,A
S19_CHW,S02_state,SLOW,392.062,402.062,화면 시간표,A
S19_CHW,S02_state,HOLD,409.062,417.062,25~30초 허용+RSP 확인,B
S19_CHW,S02_state,HOLD,413.062,421.062,25~30초 허용+RSP 확인,B
S19_CHW,S02_state,HOLD,417.062,425.062,25~30초 허용+RSP 확인,B
S19_CHW,S02_state,HOLD,421.062,429.062,25~30초 허용+RSP 확인,B
S19_CHW,S02_state,HOLD,425.062,433.062,25~30초 허용+RSP 확인,B
S19_CHW,S02_state,POST_HOLD,441.2,451.2,RSP 재개 후~운동 준비 전,B
S19_CHW,S02_state,POST_HOLD,446.2,456.2,RSP 재개 후~운동 준비 전,B
S19_CHW,S02_state,POST_HOLD,451.2,461.2,RSP 재개 후~운동 준비 전,B
S19_CHW,S02_state,POST_HOLD,456.2,466.2,RSP 재개 후~운동 준비 전,B
S19_CHW,S02_state,POST_HOLD,461.2,471.2,RSP 재개 후~운동 준비 전,B
S19_CHW,S02_state,POST_HOLD,466.2,476.2,RSP 재개 후~운동 준비 전,B
S19_CHW,S02_state,POST_HOLD,471.2,481.2,RSP 재개 후~운동 준비 전,B
S19_CHW,S02_state,POST_HOLD,476.2,486.2,RSP 재개 후~운동 준비 전,B
S19_CHW,S02_state,POST_HOLD,481.2,491.2,RSP 재개 후~운동 준비 전,B
S19_CHW,S02_state,SQUAT,517.062,527.062,화면 시간표(준비/착석 제외),A
S19_CHW,S02_state,SQUAT,522.062,532.062,화면 시간표(준비/착석 제외),A
S19_CHW,S02_state,SQUAT,527.062,537.062,화면 시간표(준비/착석 제외),A
S19_CHW,S02_state,SQUAT,532.062,542.062,화면 시간표(준비/착석 제외),A
S19_CHW,S02_state,SQUAT,537.062,547.062,화면 시간표(준비/착석 제외),A
S19_CHW,S02_state,SQUAT,542.062,552.062,화면 시간표(준비/착석 제외),A
S19_CHW,S02_state,SQUAT,547.062,557.062,화면 시간표(준비/착석 제외),A
S19_CHW,S02_state,SQUAT,552.062,562.062,화면 시간표(준비/착석 제외),A
S19_CHW,S02_state,SQUAT,557.062,567.062,화면 시간표(준비/착석 제외),A
S19_CHW,S02_state,POST_EXERCISE,592.062,602.062,화면 시간표(착석 후 5초 제외),A
S19_CHW,S02_state,POST_EXERCISE,597.062,607.062,화면 시간표(착석 후 5초 제외),A
S19_CHW,S02_state,POST_EXERCISE,602.062,612.062,화면 시간표(착석 후 5초 제외),A
S19_CHW,S02_state,POST_EXERCISE,607.062,617.062,화면 시간표(착석 후 5초 제외),A
S19_CHW,S02_state,POST_EXERCISE,612.062,622.062,화면 시간표(착석 후 5초 제외),A
S19_CHW,S02_state,POST_EXERCISE,617.062,627.062,화면 시간표(착석 후 5초 제외),A
S19_CHW,S02_state,POST_EXERCISE,622.062,632.062,화면 시간표(착석 후 5초 제외),A
S19_CHW,S02_state,POST_EXERCISE,627.062,637.062,화면 시간표(착석 후 5초 제외),A
S19_CHW,S02_state,POST_EXERCISE,632.062,642.062,화면 시간표(착석 후 5초 제외),A
S21_PSJ,S01_angle,FACE_R1,32.006000000000036,40.006000000000036,화면 1분+회전 피크,A
S21_PSJ,S01_angle,FACE_R1,36.006000000000036,44.006000000000036,화면 1분+회전 피크,A
S21_PSJ,S01_angle,FACE_R1,40.006000000000036,48.006000000000036,화면 1분+회전 피크,A
S21_PSJ,S01_angle,FACE_R1,44.006000000000036,52.006000000000036,화면 1분+회전 피크,A
S21_PSJ,S01_angle,FACE_R1,48.006000000000036,56.006000000000036,화면 1분+회전 피크,A
S21_PSJ,S01_angle,FACE_R1,52.006000000000036,60.006000000000036,화면 1분+회전 피크,A
S21_PSJ,S01_angle,FACE_R1,56.006000000000036,64.00600000000003,화면 1분+회전 피크,A
S21_PSJ,S01_angle,FACE_R1,60.006000000000036,68.00600000000003,화면 1분+회전 피크,A
S21_PSJ,S01_angle,FACE_R1,64.00600000000003,72.00600000000003,화면 1분+회전 피크,A
S21_PSJ,S01_angle,FACE_R1,68.00600000000003,76.00600000000003,화면 1분+회전 피크,A
S21_PSJ,S01_angle,FACE_R2,85.4,93.4,회전 피크 사이,A
S21_PSJ,S01_angle,FACE_R2,89.4,97.4,회전 피크 사이,A
S21_PSJ,S01_angle,FACE_R2,93.4,101.4,회전 피크 사이,A
S21_PSJ,S01_angle,FACE_R2,97.4,105.4,회전 피크 사이,A
S21_PSJ,S01_angle,FACE_R2,101.4,109.4,회전 피크 사이,A
S21_PSJ,S01_angle,FACE_R2,105.4,113.4,회전 피크 사이,A
S21_PSJ,S01_angle,FACE_R2,109.4,117.4,회전 피크 사이,A
S21_PSJ,S01_angle,FACE_R2,113.4,121.4,회전 피크 사이,A
S21_PSJ,S01_angle,FACE_R2,117.4,125.4,회전 피크 사이,A
S21_PSJ,S01_angle,FACE_R2,121.4,129.4,회전 피크 사이,A
S21_PSJ,S01_angle,FACE_R2,125.4,133.4,회전 피크 사이,A
S21_PSJ,S01_angle,FACE_R2,129.4,137.4,회전 피크 사이,A
S21_PSJ,S01_angle,FACE_R3,147.4,155.4,두 번째 회전 후,A
S21_PSJ,S01_angle,FACE_R3,151.4,159.4,두 번째 회전 후,A
S21_PSJ,S01_angle,FACE_R3,155.4,163.4,두 번째 회전 후,A
S21_PSJ,S01_angle,FACE_R3,159.4,167.4,두 번째 회전 후,A
S21_PSJ,S01_angle,FACE_R3,163.4,171.4,두 번째 회전 후,A
S21_PSJ,S01_angle,FACE_R3,167.4,175.4,두 번째 회전 후,A
S21_PSJ,S01_angle,FACE_R3,171.4,179.4,두 번째 회전 후,A
S21_PSJ,S01_angle,FACE_R3,175.4,183.4,두 번째 회전 후,A
S21_PSJ,S01_angle,FACE_R3,179.4,187.4,두 번째 회전 후,A
S21_PSJ,S01_angle,FACE_R3,183.4,191.4,두 번째 회전 후,A
S21_PSJ,S01_angle,FACE_R3,187.4,195.4,두 번째 회전 후,A
S21_PSJ,S01_angle,FACE_R3,191.4,199.4,두 번째 회전 후,A
S21_PSJ,S02_state,NORMAL,248.80800000000008,258.8080000000001,화면 시간표,A
S21_PSJ,S02_state,NORMAL,253.80800000000008,263.8080000000001,화면 시간표,A
S21_PSJ,S02_state,NORMAL,258.8080000000001,268.8080000000001,화면 시간표,A
S21_PSJ,S02_state,NORMAL,263.8080000000001,273.8080000000001,화면 시간표,A
S21_PSJ,S02_state,NORMAL,268.8080000000001,278.8080000000001,화면 시간표,A
S21_PSJ,S02_state,NORMAL,273.8080000000001,283.8080000000001,화면 시간표,A
S21_PSJ,S02_state,NORMAL,278.8080000000001,288.8080000000001,화면 시간표,A
S21_PSJ,S02_state,NORMAL,283.8080000000001,293.8080000000001,화면 시간표,A
S21_PSJ,S02_state,NORMAL,288.8080000000001,298.8080000000001,화면 시간표,A
S21_PSJ,S02_state,SLOW,308.8080000000001,318.8080000000001,화면 시간표,A
S21_PSJ,S02_state,SLOW,313.8080000000001,323.8080000000001,화면 시간표,A
S21_PSJ,S02_state,SLOW,318.8080000000001,328.8080000000001,화면 시간표,A
S21_PSJ,S02_state,SLOW,323.8080000000001,333.8080000000001,화면 시간표,A
S21_PSJ,S02_state,SLOW,328.8080000000001,338.8080000000001,화면 시간표,A
S21_PSJ,S02_state,SLOW,333.8080000000001,343.8080000000001,화면 시간표,A
S21_PSJ,S02_state,SLOW,338.8080000000001,348.8080000000001,화면 시간표,A
S21_PSJ,S02_state,SLOW,343.8080000000001,353.8080000000001,화면 시간표,A
S21_PSJ,S02_state,SLOW,348.8080000000001,358.8080000000001,화면 시간표,A
S21_PSJ,S02_state,HOLD,365.8080000000001,373.8080000000001,25~30초 허용+RSP 확인,B
S21_PSJ,S02_state,HOLD,369.8080000000001,377.8080000000001,25~30초 허용+RSP 확인,B
S21_PSJ,S02_state,HOLD,373.8080000000001,381.8080000000001,25~30초 허용+RSP 확인,B
S21_PSJ,S02_state,HOLD,377.8080000000001,385.8080000000001,25~30초 허용+RSP 확인,B
S21_PSJ,S02_state,POST_HOLD,396.05,406.05,RSP 재개 후~운동 준비 전,B
S21_PSJ,S02_state,POST_HOLD,401.05,411.05,RSP 재개 후~운동 준비 전,B
S21_PSJ,S02_state,POST_HOLD,406.05,416.05,RSP 재개 후~운동 준비 전,B
S21_PSJ,S02_state,POST_HOLD,411.05,421.05,RSP 재개 후~운동 준비 전,B
S21_PSJ,S02_state,POST_HOLD,416.05,426.05,RSP 재개 후~운동 준비 전,B
S21_PSJ,S02_state,POST_HOLD,421.05,431.05,RSP 재개 후~운동 준비 전,B
S21_PSJ,S02_state,POST_HOLD,426.05,436.05,RSP 재개 후~운동 준비 전,B
S21_PSJ,S02_state,POST_HOLD,431.05,441.05,RSP 재개 후~운동 준비 전,B
S21_PSJ,S02_state,POST_HOLD,436.05,446.05,RSP 재개 후~운동 준비 전,B
S21_PSJ,S02_state,SQUAT,473.8080000000001,483.8080000000001,화면 시간표(준비/착석 제외),A
S21_PSJ,S02_state,SQUAT,478.8080000000001,488.8080000000001,화면 시간표(준비/착석 제외),A
S21_PSJ,S02_state,SQUAT,483.8080000000001,493.8080000000001,화면 시간표(준비/착석 제외),A
S21_PSJ,S02_state,SQUAT,488.8080000000001,498.8080000000001,화면 시간표(준비/착석 제외),A
S21_PSJ,S02_state,SQUAT,493.8080000000001,503.8080000000001,화면 시간표(준비/착석 제외),A
S21_PSJ,S02_state,SQUAT,498.8080000000001,508.8080000000001,화면 시간표(준비/착석 제외),A
S21_PSJ,S02_state,SQUAT,503.8080000000001,513.8080000000001,화면 시간표(준비/착석 제외),A
S21_PSJ,S02_state,SQUAT,508.8080000000001,518.8080000000001,화면 시간표(준비/착석 제외),A
S21_PSJ,S02_state,SQUAT,513.8080000000001,523.8080000000001,화면 시간표(준비/착석 제외),A
S21_PSJ,S02_state,POST_EXERCISE,548.8080000000001,558.8080000000001,화면 시간표(착석 후 5초 제외),A
S21_PSJ,S02_state,POST_EXERCISE,553.8080000000001,563.8080000000001,화면 시간표(착석 후 5초 제외),A
S21_PSJ,S02_state,POST_EXERCISE,558.8080000000001,568.8080000000001,화면 시간표(착석 후 5초 제외),A
S21_PSJ,S02_state,POST_EXERCISE,563.8080000000001,573.8080000000001,화면 시간표(착석 후 5초 제외),A
S21_PSJ,S02_state,POST_EXERCISE,568.8080000000001,578.8080000000001,화면 시간표(착석 후 5초 제외),A
S21_PSJ,S02_state,POST_EXERCISE,573.8080000000001,583.8080000000001,화면 시간표(착석 후 5초 제외),A
S21_PSJ,S02_state,POST_EXERCISE,578.8080000000001,588.8080000000001,화면 시간표(착석 후 5초 제외),A
S21_PSJ,S02_state,POST_EXERCISE,583.8080000000001,593.8080000000001,화면 시간표(착석 후 5초 제외),A
S21_PSJ,S02_state,POST_EXERCISE,588.8080000000001,598.8080000000001,화면 시간표(착석 후 5초 제외),A
S23_KDM,S01_angle,FACE_R1,29.91600000000001,37.91600000000001,화면 1분+회전 피크,A
S23_KDM,S01_angle,FACE_R1,33.91600000000001,41.91600000000001,화면 1분+회전 피크,A
S23_KDM,S01_angle,FACE_R1,37.91600000000001,45.91600000000001,화면 1분+회전 피크,A
S23_KDM,S01_angle,FACE_R1,41.91600000000001,49.91600000000001,화면 1분+회전 피크,A
S23_KDM,S01_angle,FACE_R1,45.91600000000001,53.91600000000001,화면 1분+회전 피크,A
S23_KDM,S01_angle,FACE_R1,49.91600000000001,57.91600000000001,화면 1분+회전 피크,A
S23_KDM,S01_angle,FACE_R1,53.91600000000001,61.91600000000001,화면 1분+회전 피크,A
S23_KDM,S01_angle,FACE_R1,57.91600000000001,65.91600000000001,화면 1분+회전 피크,A
S23_KDM,S01_angle,FACE_R1,61.91600000000001,69.91600000000001,화면 1분+회전 피크,A
S23_KDM,S01_angle,FACE_R2,81.5,89.5,회전 피크 사이,A
S23_KDM,S01_angle,FACE_R2,85.5,93.5,회전 피크 사이,A
S23_KDM,S01_angle,FACE_R2,89.5,97.5,회전 피크 사이,A
S23_KDM,S01_angle,FACE_R2,93.5,101.5,회전 피크 사이,A
S23_KDM,S01_angle,FACE_R2,97.5,105.5,회전 피크 사이,A
S23_KDM,S01_angle,FACE_R2,101.5,109.5,회전 피크 사이,A
S23_KDM,S01_angle,FACE_R2,105.5,113.5,회전 피크 사이,A
S23_KDM,S01_angle,FACE_R2,109.5,117.5,회전 피크 사이,A
S23_KDM,S01_angle,FACE_R2,113.5,121.5,회전 피크 사이,A
S23_KDM,S01_angle,FACE_R2,117.5,125.5,회전 피크 사이,A
S23_KDM,S01_angle,FACE_R2,121.5,129.5,회전 피크 사이,A
S23_KDM,S01_angle,FACE_R2,125.5,133.5,회전 피크 사이,A
S23_KDM,S01_angle,FACE_R3,143.7,151.7,두 번째 회전 후,A
S23_KDM,S01_angle,FACE_R3,147.7,155.7,두 번째 회전 후,A
S23_KDM,S01_angle,FACE_R3,151.7,159.7,두 번째 회전 후,A
S23_KDM,S01_angle,FACE_R3,155.7,163.7,두 번째 회전 후,A
S23_KDM,S01_angle,FACE_R3,159.7,167.7,두 번째 회전 후,A
S23_KDM,S01_angle,FACE_R3,163.7,171.7,두 번째 회전 후,A
S23_KDM,S01_angle,FACE_R3,167.7,175.7,두 번째 회전 후,A
S23_KDM,S01_angle,FACE_R3,171.7,179.7,두 번째 회전 후,A
S23_KDM,S01_angle,FACE_R3,175.7,183.7,두 번째 회전 후,A
S23_KDM,S01_angle,FACE_R3,179.7,187.7,두 번째 회전 후,A
S23_KDM,S01_angle,FACE_R3,183.7,191.7,두 번째 회전 후,A
S23_KDM,S01_angle,FACE_R3,187.7,195.7,두 번째 회전 후,A
S23_KDM,S01_angle,FACE_R3,191.7,199.7,두 번째 회전 후,A
S23_KDM,S02_state,NORMAL,241.60800000000006,251.60800000000006,화면 시간표,A
S23_KDM,S02_state,NORMAL,246.60800000000006,256.60800000000006,화면 시간표,A
S23_KDM,S02_state,NORMAL,251.60800000000006,261.60800000000006,화면 시간표,A
S23_KDM,S02_state,NORMAL,256.60800000000006,266.60800000000006,화면 시간표,A
S23_KDM,S02_state,NORMAL,261.60800000000006,271.60800000000006,화면 시간표,A
S23_KDM,S02_state,NORMAL,266.60800000000006,276.60800000000006,화면 시간표,A
S23_KDM,S02_state,NORMAL,271.60800000000006,281.60800000000006,화면 시간표,A
S23_KDM,S02_state,NORMAL,276.60800000000006,286.60800000000006,화면 시간표,A
S23_KDM,S02_state,NORMAL,281.60800000000006,291.60800000000006,화면 시간표,A
S23_KDM,S02_state,SLOW,301.60800000000006,311.60800000000006,화면 시간표,A
S23_KDM,S02_state,SLOW,306.60800000000006,316.60800000000006,화면 시간표,A
S23_KDM,S02_state,SLOW,311.60800000000006,321.60800000000006,화면 시간표,A
S23_KDM,S02_state,SLOW,316.60800000000006,326.60800000000006,화면 시간표,A
S23_KDM,S02_state,SLOW,321.60800000000006,331.60800000000006,화면 시간표,A
S23_KDM,S02_state,SLOW,326.60800000000006,336.60800000000006,화면 시간표,A
S23_KDM,S02_state,SLOW,331.60800000000006,341.60800000000006,화면 시간표,A
S23_KDM,S02_state,SLOW,336.60800000000006,346.60800000000006,화면 시간표,A
S23_KDM,S02_state,SLOW,341.60800000000006,351.60800000000006,화면 시간표,A
S23_KDM,S02_state,HOLD,358.60800000000006,366.60800000000006,25~30초 허용+RSP 확인,B
S23_KDM,S02_state,HOLD,362.60800000000006,370.60800000000006,25~30초 허용+RSP 확인,B
S23_KDM,S02_state,HOLD,366.60800000000006,374.60800000000006,25~30초 허용+RSP 확인,B
S23_KDM,S02_state,HOLD,370.60800000000006,378.60800000000006,25~30초 허용+RSP 확인,B
S23_KDM,S02_state,HOLD,374.60800000000006,382.60800000000006,25~30초 허용+RSP 확인,B
S23_KDM,S02_state,POST_HOLD,391.60800000000006,401.60800000000006,RSP 재개 후~운동 준비 전,B
S23_KDM,S02_state,POST_HOLD,396.60800000000006,406.60800000000006,RSP 재개 후~운동 준비 전,B
S23_KDM,S02_state,POST_HOLD,401.60800000000006,411.60800000000006,RSP 재개 후~운동 준비 전,B
S23_KDM,S02_state,POST_HOLD,406.60800000000006,416.60800000000006,RSP 재개 후~운동 준비 전,B
S23_KDM,S02_state,POST_HOLD,411.60800000000006,421.60800000000006,RSP 재개 후~운동 준비 전,B
S23_KDM,S02_state,POST_HOLD,416.60800000000006,426.60800000000006,RSP 재개 후~운동 준비 전,B
S23_KDM,S02_state,POST_HOLD,421.60800000000006,431.60800000000006,RSP 재개 후~운동 준비 전,B
S23_KDM,S02_state,POST_HOLD,426.60800000000006,436.60800000000006,RSP 재개 후~운동 준비 전,B
S23_KDM,S02_state,POST_HOLD,431.60800000000006,441.60800000000006,RSP 재개 후~운동 준비 전,B
S23_KDM,S02_state,SQUAT,466.60800000000006,476.60800000000006,화면 시간표(준비/착석 제외),A
S23_KDM,S02_state,SQUAT,471.60800000000006,481.60800000000006,화면 시간표(준비/착석 제외),A
S23_KDM,S02_state,SQUAT,476.60800000000006,486.60800000000006,화면 시간표(준비/착석 제외),A
S23_KDM,S02_state,SQUAT,481.60800000000006,491.60800000000006,화면 시간표(준비/착석 제외),A
S23_KDM,S02_state,SQUAT,486.60800000000006,496.60800000000006,화면 시간표(준비/착석 제외),A
S23_KDM,S02_state,SQUAT,491.60800000000006,501.60800000000006,화면 시간표(준비/착석 제외),A
S23_KDM,S02_state,SQUAT,496.60800000000006,506.60800000000006,화면 시간표(준비/착석 제외),A
S23_KDM,S02_state,SQUAT,501.60800000000006,511.60800000000006,화면 시간표(준비/착석 제외),A
S23_KDM,S02_state,SQUAT,506.60800000000006,516.6080000000001,화면 시간표(준비/착석 제외),A
S23_KDM,S02_state,POST_EXERCISE,541.6080000000001,551.6080000000001,화면 시간표(착석 후 5초 제외),A
S23_KDM,S02_state,POST_EXERCISE,546.6080000000001,556.6080000000001,화면 시간표(착석 후 5초 제외),A
S23_KDM,S02_state,POST_EXERCISE,551.6080000000001,561.6080000000001,화면 시간표(착석 후 5초 제외),A
S23_KDM,S02_state,POST_EXERCISE,556.6080000000001,566.6080000000001,화면 시간표(착석 후 5초 제외),A
S23_KDM,S02_state,POST_EXERCISE,561.6080000000001,571.6080000000001,화면 시간표(착석 후 5초 제외),A
S23_KDM,S02_state,POST_EXERCISE,566.6080000000001,576.6080000000001,화면 시간표(착석 후 5초 제외),A
S23_KDM,S02_state,POST_EXERCISE,571.6080000000001,581.6080000000001,화면 시간표(착석 후 5초 제외),A
S23_KDM,S02_state,POST_EXERCISE,576.6080000000001,586.6080000000001,화면 시간표(착석 후 5초 제외),A
S23_KDM,S02_state,POST_EXERCISE,581.6080000000001,591.6080000000001,화면 시간표(착석 후 5초 제외),A
S26_LDW,S01_angle,FACE_R1,24.716000000000044,32.716000000000044,화면 1분+회전 피크,A
S26_LDW,S01_angle,FACE_R1,28.716000000000044,36.716000000000044,화면 1분+회전 피크,A
S26_LDW,S01_angle,FACE_R1,32.716000000000044,40.716000000000044,화면 1분+회전 피크,A
S26_LDW,S01_angle,FACE_R1,36.716000000000044,44.716000000000044,화면 1분+회전 피크,A
S26_LDW,S01_angle,FACE_R1,40.716000000000044,48.716000000000044,화면 1분+회전 피크,A
S26_LDW,S01_angle,FACE_R1,44.716000000000044,52.716000000000044,화면 1분+회전 피크,A
S26_LDW,S01_angle,FACE_R1,48.716000000000044,56.716000000000044,화면 1분+회전 피크,A
S26_LDW,S01_angle,FACE_R1,52.716000000000044,60.716000000000044,화면 1분+회전 피크,A
S26_LDW,S01_angle,FACE_R1,56.716000000000044,64.71600000000004,화면 1분+회전 피크,A
S26_LDW,S01_angle,FACE_R1,60.716000000000044,68.71600000000004,화면 1분+회전 피크,A
S26_LDW,S01_angle,FACE_R1,64.71600000000004,72.71600000000004,화면 1분+회전 피크,A
S26_LDW,S01_angle,FACE_R2,84.4,92.4,회전 피크 사이,A
S26_LDW,S01_angle,FACE_R2,88.4,96.4,회전 피크 사이,A
S26_LDW,S01_angle,FACE_R2,92.4,100.4,회전 피크 사이,A
S26_LDW,S01_angle,FACE_R2,96.4,104.4,회전 피크 사이,A
S26_LDW,S01_angle,FACE_R2,100.4,108.4,회전 피크 사이,A
S26_LDW,S01_angle,FACE_R2,104.4,112.4,회전 피크 사이,A
S26_LDW,S01_angle,FACE_R2,108.4,116.4,회전 피크 사이,A
S26_LDW,S01_angle,FACE_R2,112.4,120.4,회전 피크 사이,A
S26_LDW,S01_angle,FACE_R2,116.4,124.4,회전 피크 사이,A
S26_LDW,S01_angle,FACE_R2,120.4,128.4,회전 피크 사이,A
S26_LDW,S01_angle,FACE_R2,124.4,132.4,회전 피크 사이,A
S26_LDW,S01_angle,FACE_R2,128.4,136.4,회전 피크 사이,A
S26_LDW,S01_angle,FACE_R3,145.3,153.3,두 번째 회전 후,A
S26_LDW,S01_angle,FACE_R3,149.3,157.3,두 번째 회전 후,A
S26_LDW,S01_angle,FACE_R3,153.3,161.3,두 번째 회전 후,A
S26_LDW,S01_angle,FACE_R3,157.3,165.3,두 번째 회전 후,A
S26_LDW,S01_angle,FACE_R3,161.3,169.3,두 번째 회전 후,A
S26_LDW,S01_angle,FACE_R3,165.3,173.3,두 번째 회전 후,A
S26_LDW,S01_angle,FACE_R3,169.3,177.3,두 번째 회전 후,A
S26_LDW,S01_angle,FACE_R3,173.3,181.3,두 번째 회전 후,A
S26_LDW,S01_angle,FACE_R3,177.3,185.3,두 번째 회전 후,A
S26_LDW,S01_angle,FACE_R3,181.3,189.3,두 번째 회전 후,A
S26_LDW,S01_angle,FACE_R3,185.3,193.3,두 번째 회전 후,A
S26_LDW,S02_state,NORMAL,270.096,280.096,화면 시간표,A
S26_LDW,S02_state,NORMAL,275.096,285.096,화면 시간표,A
S26_LDW,S02_state,NORMAL,280.096,290.096,화면 시간표,A
S26_LDW,S02_state,NORMAL,285.096,295.096,화면 시간표,A
S26_LDW,S02_state,NORMAL,290.096,300.096,화면 시간표,A
S26_LDW,S02_state,NORMAL,295.096,305.096,화면 시간표,A
S26_LDW,S02_state,NORMAL,300.096,310.096,화면 시간표,A
S26_LDW,S02_state,NORMAL,305.096,315.096,화면 시간표,A
S26_LDW,S02_state,NORMAL,310.096,320.096,화면 시간표,A
S26_LDW,S02_state,SLOW,330.096,340.096,화면 시간표,A
S26_LDW,S02_state,SLOW,335.096,345.096,화면 시간표,A
S26_LDW,S02_state,SLOW,340.096,350.096,화면 시간표,A
S26_LDW,S02_state,SLOW,345.096,355.096,화면 시간표,A
S26_LDW,S02_state,SLOW,350.096,360.096,화면 시간표,A
S26_LDW,S02_state,SLOW,355.096,365.096,화면 시간표,A
S26_LDW,S02_state,SLOW,360.096,370.096,화면 시간표,A
S26_LDW,S02_state,SLOW,365.096,375.096,화면 시간표,A
S26_LDW,S02_state,SLOW,370.096,380.096,화면 시간표,A
S26_LDW,S02_state,HOLD,387.096,395.096,25~30초 허용+RSP 확인,B
S26_LDW,S02_state,HOLD,391.096,399.096,25~30초 허용+RSP 확인,B
S26_LDW,S02_state,HOLD,395.096,403.096,25~30초 허용+RSP 확인,B
S26_LDW,S02_state,HOLD,399.096,407.096,25~30초 허용+RSP 확인,B
S26_LDW,S02_state,HOLD,403.096,411.096,25~30초 허용+RSP 확인,B
S26_LDW,S02_state,POST_HOLD,420.096,430.096,RSP 재개 후~운동 준비 전,B
S26_LDW,S02_state,POST_HOLD,425.096,435.096,RSP 재개 후~운동 준비 전,B
S26_LDW,S02_state,POST_HOLD,430.096,440.096,RSP 재개 후~운동 준비 전,B
S26_LDW,S02_state,POST_HOLD,435.096,445.096,RSP 재개 후~운동 준비 전,B
S26_LDW,S02_state,POST_HOLD,440.096,450.096,RSP 재개 후~운동 준비 전,B
S26_LDW,S02_state,POST_HOLD,445.096,455.096,RSP 재개 후~운동 준비 전,B
S26_LDW,S02_state,POST_HOLD,450.096,460.096,RSP 재개 후~운동 준비 전,B
S26_LDW,S02_state,POST_HOLD,455.096,465.096,RSP 재개 후~운동 준비 전,B
S26_LDW,S02_state,POST_HOLD,460.096,470.096,RSP 재개 후~운동 준비 전,B
S26_LDW,S02_state,SQUAT,495.096,505.096,화면 시간표(준비/착석 제외),A
S26_LDW,S02_state,SQUAT,500.096,510.096,화면 시간표(준비/착석 제외),A
S26_LDW,S02_state,SQUAT,505.096,515.096,화면 시간표(준비/착석 제외),A
S26_LDW,S02_state,SQUAT,510.096,520.096,화면 시간표(준비/착석 제외),A
S26_LDW,S02_state,SQUAT,515.096,525.096,화면 시간표(준비/착석 제외),A
S26_LDW,S02_state,SQUAT,520.096,530.096,화면 시간표(준비/착석 제외),A
S26_LDW,S02_state,SQUAT,525.096,535.096,화면 시간표(준비/착석 제외),A
S26_LDW,S02_state,SQUAT,530.096,540.096,화면 시간표(준비/착석 제외),A
S26_LDW,S02_state,SQUAT,535.096,545.096,화면 시간표(준비/착석 제외),A
S26_LDW,S02_state,POST_EXERCISE,570.096,580.096,화면 시간표(착석 후 5초 제외),A
S26_LDW,S02_state,POST_EXERCISE,575.096,585.096,화면 시간표(착석 후 5초 제외),A
S26_LDW,S02_state,POST_EXERCISE,580.096,590.096,화면 시간표(착석 후 5초 제외),A
S26_LDW,S02_state,POST_EXERCISE,585.096,595.096,화면 시간표(착석 후 5초 제외),A
S26_LDW,S02_state,POST_EXERCISE,590.096,600.096,화면 시간표(착석 후 5초 제외),A
S26_LDW,S02_state,POST_EXERCISE,595.096,605.096,화면 시간표(착석 후 5초 제외),A
S26_LDW,S02_state,POST_EXERCISE,600.096,610.096,화면 시간표(착석 후 5초 제외),A
S26_LDW,S02_state,POST_EXERCISE,605.096,615.096,화면 시간표(착석 후 5초 제외),A
S26_LDW,S02_state,POST_EXERCISE,610.096,620.096,화면 시간표(착석 후 5초 제외),A
S28_KDH,S01_angle,FACE_R1,26.002000000000045,34.002000000000045,화면 1분+회전 피크,A
S28_KDH,S01_angle,FACE_R1,30.002000000000045,38.002000000000045,화면 1분+회전 피크,A
S28_KDH,S01_angle,FACE_R1,34.002000000000045,42.002000000000045,화면 1분+회전 피크,A
S28_KDH,S01_angle,FACE_R1,38.002000000000045,46.002000000000045,화면 1분+회전 피크,A
S28_KDH,S01_angle,FACE_R1,42.002000000000045,50.002000000000045,화면 1분+회전 피크,A
S28_KDH,S01_angle,FACE_R1,46.002000000000045,54.002000000000045,화면 1분+회전 피크,A
S28_KDH,S01_angle,FACE_R1,50.002000000000045,58.002000000000045,화면 1분+회전 피크,A
S28_KDH,S01_angle,FACE_R1,54.002000000000045,62.002000000000045,화면 1분+회전 피크,A
S28_KDH,S01_angle,FACE_R1,58.002000000000045,66.00200000000004,화면 1분+회전 피크,A
S28_KDH,S01_angle,FACE_R1,62.002000000000045,70.00200000000004,화면 1분+회전 피크,A
S28_KDH,S01_angle,FACE_R1,66.00200000000004,74.00200000000004,화면 1분+회전 피크,A
S28_KDH,S01_angle,FACE_R1,70.00200000000004,78.00200000000004,화면 1분+회전 피크,A
S28_KDH,S01_angle,FACE_R2,86.6,94.6,회전 피크 사이,A
S28_KDH,S01_angle,FACE_R2,90.6,98.6,회전 피크 사이,A
S28_KDH,S01_angle,FACE_R2,94.6,102.6,회전 피크 사이,A
S28_KDH,S01_angle,FACE_R2,98.6,106.6,회전 피크 사이,A
S28_KDH,S01_angle,FACE_R2,102.6,110.6,회전 피크 사이,A
S28_KDH,S01_angle,FACE_R2,106.6,114.6,회전 피크 사이,A
S28_KDH,S01_angle,FACE_R2,110.6,118.6,회전 피크 사이,A
S28_KDH,S01_angle,FACE_R2,114.6,122.6,회전 피크 사이,A
S28_KDH,S01_angle,FACE_R2,118.6,126.6,회전 피크 사이,A
S28_KDH,S01_angle,FACE_R2,122.6,130.6,회전 피크 사이,A
S28_KDH,S01_angle,FACE_R2,126.6,134.6,회전 피크 사이,A
S28_KDH,S01_angle,FACE_R2,130.6,138.6,회전 피크 사이,A
S28_KDH,S01_angle,FACE_R3,148.0,156.0,두 번째 회전 후,A
S28_KDH,S01_angle,FACE_R3,152.0,160.0,두 번째 회전 후,A
S28_KDH,S01_angle,FACE_R3,156.0,164.0,두 번째 회전 후,A
S28_KDH,S01_angle,FACE_R3,160.0,168.0,두 번째 회전 후,A
S28_KDH,S01_angle,FACE_R3,164.0,172.0,두 번째 회전 후,A
S28_KDH,S01_angle,FACE_R3,168.0,176.0,두 번째 회전 후,A
S28_KDH,S01_angle,FACE_R3,172.0,180.0,두 번째 회전 후,A
S28_KDH,S01_angle,FACE_R3,176.0,184.0,두 번째 회전 후,A
S28_KDH,S01_angle,FACE_R3,180.0,188.0,두 번째 회전 후,A
S28_KDH,S01_angle,FACE_R3,184.0,192.0,두 번째 회전 후,A
S28_KDH,S01_angle,FACE_R3,188.0,196.0,두 번째 회전 후,A
S28_KDH,S02_state,NORMAL,252.62000000000003,262.62,화면 시간표,A
S28_KDH,S02_state,NORMAL,257.62,267.62,화면 시간표,A
S28_KDH,S02_state,NORMAL,262.62,272.62,화면 시간표,A
S28_KDH,S02_state,NORMAL,267.62,277.62,화면 시간표,A
S28_KDH,S02_state,NORMAL,272.62,282.62,화면 시간표,A
S28_KDH,S02_state,NORMAL,277.62,287.62,화면 시간표,A
S28_KDH,S02_state,NORMAL,282.62,292.62,화면 시간표,A
S28_KDH,S02_state,NORMAL,287.62,297.62,화면 시간표,A
S28_KDH,S02_state,NORMAL,292.62,302.62,화면 시간표,A
S28_KDH,S02_state,SLOW,312.62,322.62,화면 시간표,A
S28_KDH,S02_state,SLOW,317.62,327.62,화면 시간표,A
S28_KDH,S02_state,SLOW,322.62,332.62,화면 시간표,A
S28_KDH,S02_state,SLOW,327.62,337.62,화면 시간표,A
S28_KDH,S02_state,SLOW,332.62,342.62,화면 시간표,A
S28_KDH,S02_state,SLOW,337.62,347.62,화면 시간표,A
S28_KDH,S02_state,SLOW,342.62,352.62,화면 시간표,A
S28_KDH,S02_state,SLOW,347.62,357.62,화면 시간표,A
S28_KDH,S02_state,SLOW,352.62,362.62,화면 시간표,A
S28_KDH,S02_state,HOLD,369.62,377.62,25~30초 허용+RSP 확인,B
S28_KDH,S02_state,HOLD,373.62,381.62,25~30초 허용+RSP 확인,B
S28_KDH,S02_state,HOLD,377.62,385.62,25~30초 허용+RSP 확인,B
S28_KDH,S02_state,HOLD,381.62,389.62,25~30초 허용+RSP 확인,B
S28_KDH,S02_state,HOLD,385.62,393.62,25~30초 허용+RSP 확인,B
S28_KDH,S02_state,POST_HOLD,402.475,412.475,RSP 재개 후~운동 준비 전,B
S28_KDH,S02_state,POST_HOLD,407.475,417.475,RSP 재개 후~운동 준비 전,B
S28_KDH,S02_state,POST_HOLD,412.475,422.475,RSP 재개 후~운동 준비 전,B
S28_KDH,S02_state,POST_HOLD,417.475,427.475,RSP 재개 후~운동 준비 전,B
S28_KDH,S02_state,POST_HOLD,422.475,432.475,RSP 재개 후~운동 준비 전,B
S28_KDH,S02_state,POST_HOLD,427.475,437.475,RSP 재개 후~운동 준비 전,B
S28_KDH,S02_state,POST_HOLD,432.475,442.475,RSP 재개 후~운동 준비 전,B
S28_KDH,S02_state,POST_HOLD,437.475,447.475,RSP 재개 후~운동 준비 전,B
S28_KDH,S02_state,POST_HOLD,442.475,452.475,RSP 재개 후~운동 준비 전,B
S28_KDH,S02_state,SQUAT,477.62,487.62,화면 시간표(준비/착석 제외),A
S28_KDH,S02_state,SQUAT,482.62,492.62,화면 시간표(준비/착석 제외),A
S28_KDH,S02_state,SQUAT,487.62,497.62,화면 시간표(준비/착석 제외),A
S28_KDH,S02_state,SQUAT,492.62,502.62,화면 시간표(준비/착석 제외),A
S28_KDH,S02_state,SQUAT,497.62,507.62,화면 시간표(준비/착석 제외),A
S28_KDH,S02_state,SQUAT,502.62,512.62,화면 시간표(준비/착석 제외),A
S28_KDH,S02_state,SQUAT,507.62,517.62,화면 시간표(준비/착석 제외),A
S28_KDH,S02_state,SQUAT,512.62,522.62,화면 시간표(준비/착석 제외),A
S28_KDH,S02_state,SQUAT,517.62,527.62,화면 시간표(준비/착석 제외),A
S28_KDH,S02_state,POST_EXERCISE,552.62,562.62,화면 시간표(착석 후 5초 제외),A
S28_KDH,S02_state,POST_EXERCISE,557.62,567.62,화면 시간표(착석 후 5초 제외),A
S28_KDH,S02_state,POST_EXERCISE,562.62,572.62,화면 시간표(착석 후 5초 제외),A
S28_KDH,S02_state,POST_EXERCISE,567.62,577.62,화면 시간표(착석 후 5초 제외),A
S28_KDH,S02_state,POST_EXERCISE,572.62,582.62,화면 시간표(착석 후 5초 제외),A
S28_KDH,S02_state,POST_EXERCISE,577.62,587.62,화면 시간표(착석 후 5초 제외),A
S28_KDH,S02_state,POST_EXERCISE,582.62,592.62,화면 시간표(착석 후 5초 제외),A
S28_KDH,S02_state,POST_EXERCISE,587.62,597.62,화면 시간표(착석 후 5초 제외),A
S28_KDH,S02_state,POST_EXERCISE,592.62,602.62,화면 시간표(착석 후 5초 제외),A
