source,time_shift_sec,n,mae_bpm,median_ae_bpm,corr_with_bio,mean_rr_uwb,mean_rr_bio
COM,-10,737,4.7035,3.9698,0.04165,19.6154,21.1354
TV,-10,737,4.8688,4.2774,-0.0085716,19.9202,21.1354
COM,-9.5,737,4.6956,3.9551,0.041241,19.7053,21.1354
TV,-9.5,737,4.8678,4.2774,-0.019271,19.9259,21.1354
COM,-9,737,4.6309,3.9257,0.057623,19.7107,21.1354
TV,-9,737,4.8554,4.292,-0.017475,19.9374,21.1354
COM,-8.5,737,4.6716,3.9551,0.044337,19.7512,21.1354
TV,-8.5,737,4.8436,4.2627,-0.014292,20.0084,21.1354
COM,-8,737,4.6776,4.0137,0.052184,19.6624,21.1354
TV,-8,737,4.8341,4.1894,-0.0099004,19.984,21.1354
COM,-7.5,737,4.7261,4.0137,0.031102,19.6519,21.1354
TV,-7.5,737,4.8526,4.2627,0.00013957,19.9121,21.1354
COM,-7,737,4.7592,4.043,0.022242,19.7921,21.1354
TV,-7,737,4.8785,4.292,-0.013898,20.0195,21.1354
COM,-6.5,737,4.7116,4.0137,0.023123,19.7925,21.1354
TV,-6.5,737,4.9244,4.3506,-0.018148,20.0327,21.1354
COM,-6,780,4.7779,4.1528,0.033877,19.5787,21.0994
TV,-6,780,4.952,4.27,-0.022977,19.9455,21.0994
COM,-5.5,780,4.7937,4.1967,0.035297,19.5305,21.0994
TV,-5.5,780,4.9684,4.3066,-0.026177,19.8708,21.0994
COM,-5,780,4.811,4.1821,0.023918,19.563,21.0994
TV,-5,780,5.0066,4.4531,-0.032345,19.9289,21.0994
COM,-4.5,780,4.8185,4.2041,0.02093,19.5378,21.0994
TV,-4.5,780,5.0423,4.3872,-0.056892,19.835,21.0994
COM,-4,780,4.8082,4.1455,0.021284,19.5404,21.0994
TV,-4,780,5.049,4.3652,-0.063567,19.8194,21.0994
COM,-3.5,780,4.7879,4.1089,0.031638,19.5541,21.0994
TV,-3.5,780,5.0481,4.3652,-0.067951,19.8705,21.0994
COM,-3,780,4.8058,4.1308,0.038534,19.4701,21.0994
TV,-3,780,5.0324,4.3652,-0.067842,19.8711,21.0994
COM,-2.5,780,4.8044,4.1528,0.052302,19.5056,21.0994
TV,-2.5,780,5.0023,4.3945,-0.072183,19.8625,21.0994
COM,-2,780,4.8193,4.2627,0.049297,19.5598,21.0994
TV,-2,780,5.0082,4.3652,-0.065594,19.8484,21.0994
COM,-1.5,780,4.8045,4.3579,0.048973,19.5471,21.0994
TV,-1.5,780,5.0258,4.4018,-0.064824,19.8437,21.0994
COM,-1,780,4.8191,4.3799,0.048972,19.5582,21.0994
TV,-1,780,4.9738,4.3652,-0.050306,19.8721,21.0994
COM,-0.5,780,4.8093,4.3652,0.059679,19.5289,21.0994
TV,-0.5,780,5.0086,4.4311,-0.057781,19.8235,21.0994
COM,0,780,4.7874,4.3579,0.070263,19.4755,21.0994
TV,0,780,5.0028,4.4531,-0.057429,19.8625,21.0994
COM,0.5,780,4.7883,4.3213,0.073269,19.4328,21.0994
TV,0.5,780,5.0224,4.4604,-0.056177,19.8162,21.0994
COM,1,780,4.7523,4.292,0.077508,19.4637,21.0994
TV,1,780,5.0447,4.5117,-0.05408,19.911,21.0994
COM,1.5,780,4.7957,4.2993,0.069063,19.4564,21.0994
TV,1.5,780,5.0447,4.5264,-0.059756,19.8708,21.0994
COM,2,780,4.8978,4.4531,0.044607,19.428,21.0994
TV,2,780,5.0252,4.5484,-0.047223,19.8149,21.0994
COM,2.5,780,4.8607,4.4092,0.049278,19.4618,21.0994
TV,2.5,780,5.0073,4.5264,-0.044274,19.8973,21.0994
COM,3,780,4.8084,4.2847,0.059102,19.4618,21.0994
TV,3,780,4.9478,4.4604,-0.030252,19.9129,21.0994
COM,3.5,780,4.8294,4.2993,0.041879,19.5349,21.0994
TV,3.5,780,4.9875,4.5117,-0.038427,19.9101,21.0994
COM,4,780,4.8432,4.2627,0.031004,19.6029,21.0994
TV,4,780,4.9727,4.4824,-0.034785,19.9985,21.0994
COM,4.5,780,4.9323,4.4458,0.0017692,19.5563,21.0994
TV,4.5,780,4.9251,4.4531,-0.031712,20.0378,21.0994
COM,5,780,4.876,4.4385,0.010826,19.5723,21.0994
TV,5,780,4.9386,4.4824,-0.037079,20.0397,21.0994
COM,5.5,780,4.846,4.3286,0.017663,19.6537,21.0994
TV,5.5,780,4.9426,4.4531,-0.048602,20.0285,21.0994
COM,6,780,4.8246,4.2627,0.018397,19.6377,21.0994
TV,6,780,4.9256,4.4531,-0.046132,20.0413,21.0994
COM,6.5,780,4.848,4.2773,0.010846,19.6741,21.0994
TV,6.5,780,4.9268,4.4531,-0.046492,20.1074,21.0994
COM,7,780,4.8596,4.3726,0.013818,19.57,21.0994
TV,7,780,4.8891,4.4238,-0.026774,20.0895,21.0994
COM,7.5,780,4.8944,4.4092,-0.00090526,19.5439,21.0994
TV,7.5,780,4.9376,4.4897,-0.030689,20.0205,21.0994
COM,8,780,4.8853,4.4238,0.010224,19.6866,21.0994
TV,8,780,4.9213,4.4458,-0.032718,20.1221,21.0994
COM,8.5,780,4.8355,4.2627,0.012971,19.6859,21.0994
TV,8.5,780,4.9385,4.4238,-0.029501,20.1342,21.0994
COM,9,780,4.8837,4.3726,0.00059953,19.6936,21.0994
TV,9,780,4.989,4.5117,-0.040641,20.0924,21.0994
COM,9.5,780,4.9193,4.4531,0.0049803,19.6479,21.0994
TV,9.5,780,4.9878,4.5117,-0.035106,20.0125,21.0994
COM,10,780,4.9407,4.5117,-0.0031526,19.6856,21.0994
TV,10,780,5.005,4.5704,-0.037097,20.0457,21.0994
