candidate,fold,seed,train_subject_n,validation_subject_n,test_subject_n,epochs_run,best_epoch,best_validation_loss,test_rr_window_mae_bpm,test_rr_window_within2,test_motion_balanced_accuracy,subject_count,rr_subject_macro_mae_bpm,rr_subject_macro_mae_sd,rr_subject_macro_within2,motion_subject_macro_balanced_accuracy,hidden_spike_rate,parameters,training_seconds
ANN_direct,1,42,18,3,6,30,13,0.07376872828957524,1.699594259262085,0.7714285714285715,0.9976190476190476,6,1.6942386054933314,1.0051355400874522,0.7720666044195457,0.9975490196078431,0.0,316994,13.40288219996728
ANN_direct,1,314,18,3,6,30,6,0.051589628506900014,2.1381900310516357,0.7,0.9976190476190476,6,2.1339912859109047,0.8254079904858375,0.7008714596949891,0.9976190476190476,0.0,316994,8.829123700037599
ANN_direct,1,2718,18,3,6,30,9,0.05469302656072674,1.6165282726287842,0.8,0.9952380952380953,6,1.6085811904721126,0.9563568513701565,0.8014394646747588,0.9953042328042327,0.0,316994,8.48368400009349
ANN_direct,2,42,18,3,6,30,6,0.03970019270488454,1.5835102796554565,0.7535545023696683,0.9119273301737757,6,1.5929931043984917,0.7823153071226723,0.7523887332710862,0.9117647058823529,0.0,316994,8.541863100137562
ANN_direct,2,314,18,3,6,34,19,0.026373495693327222,1.571299433708191,0.7582938388625592,0.9142969984202212,6,1.577812050967954,0.7356125828987481,0.7586523498288203,0.9142156862745098,0.0,316994,9.359415099956095
ANN_direct,2,2718,18,3,6,30,15,0.03442879703770538,1.4661539793014526,0.8199052132701422,0.9333333333333333,6,1.4765665906558259,0.7353335762665394,0.818821973233738,0.9333333333333332,0.0,316994,8.50179969985038
ANN_direct,3,42,19,3,5,30,12,0.0565332407254193,1.6129101514816284,0.7485714285714286,0.98,5,1.6164298656964058,0.6915362970194008,0.7478711484593837,0.9800000000000001,0.0,316994,8.785230700159445
ANN_direct,3,314,19,3,5,30,12,0.10676367270665815,1.6351317167282104,0.7771428571428571,0.9942857142857142,5,1.6377388455731972,0.3826277501175923,0.7761064425770309,0.9942016806722689,0.0,316994,8.8483190999832
ANN_direct,3,2718,19,3,5,30,7,0.17260714861137688,1.9009727239608765,0.6685714285714286,0.9885714285714285,5,1.9027876123237788,0.39985987202841716,0.6676657329598507,0.9884873949579832,0.0,316994,8.947079899953678
ANN_direct,4,42,19,3,5,30,8,0.06132274648671816,1.8978663682937622,0.7215909090909091,0.8914772727272727,5,1.8974820183950758,1.192413593701373,0.722063492063492,0.8914285714285715,0.0,316994,8.934390000067651
ANN_direct,4,314,19,3,5,31,16,0.05704027938212544,1.7325900793075562,0.7670454545454546,0.9171590909090909,5,1.7333643985173057,1.175480322050597,0.7671428571428571,0.917142857142857,0.0,316994,9.125245200004429
ANN_direct,4,2718,19,3,5,41,26,0.07287922065979342,1.803742527961731,0.7102272727272727,0.9171590909090909,5,1.8037385858051362,1.2466463435241257,0.7104761904761905,0.917142857142857,0.0,316994,12.118985299952328
ANN_direct,5,42,19,3,5,45,30,0.09989718897168844,0.7219595909118652,0.9428571428571428,1.0,5,0.7219596290588379,0.0762701081283497,0.9428571428571427,1.0,0.0,316994,13.23403470008634
ANN_direct,5,314,19,3,5,44,29,0.1314360525728311,0.6161283850669861,0.9657142857142857,1.0,5,0.6161283738272532,0.0846910031998385,0.9657142857142856,1.0,0.0,316994,13.03550160001032
ANN_direct,5,2718,19,3,5,63,48,0.0783057421577211,0.7263429760932922,0.9428571428571428,1.0,5,0.7263429532732283,0.1126986455158604,0.9428571428571427,1.0,0.0,316994,18.662370499921963
SNN_direct,1,42,18,3,6,92,77,0.061669954629002044,1.9661927223205566,0.7428571428571429,0.9928571428571429,6,1.960636078547066,1.010174215085506,0.7436041083099907,0.9928571428571429,0.3197526805930667,2306,20.185073799919337
SNN_direct,1,314,18,3,6,74,59,0.06844225637239187,1.9335380792617798,0.7523809523809524,0.9904761904761905,6,1.9275671035561501,1.0745227769559669,0.7533924680983505,0.9904761904761905,0.301964412132899,2306,15.924626599997282
SNN_direct,1,2718,18,3,6,78,63,0.06493745497131946,1.9054198265075684,0.7523809523809524,0.9928571428571429,6,1.897965123024159,1.0419081954688407,0.753688141923436,0.9928571428571429,0.2974881754981147,2306,16.61106720007956
SNN_direct,2,42,18,3,6,75,60,0.0433901467546784,1.490262746810913,0.7914691943127962,0.9142969984202212,6,1.4997386134268151,0.7091095018899533,0.7899704326174916,0.9142857142857143,0.3105198336972131,2306,16.004998299991712
SNN_direct,2,314,18,3,6,65,50,0.041264467902625064,1.6080756187438965,0.7630331753554502,0.9142969984202212,6,1.6174230546399213,0.7233142109068894,0.7615079365079366,0.9142857142857143,0.300936171081331,2306,13.936449600150809
SNN_direct,2,2718,18,3,6,90,75,0.04027567522095644,1.5529271364212036,0.7772511848341233,0.9166666666666667,6,1.5630532052262416,0.793258994546422,0.7755524431995021,0.9166666666666666,0.3084259377585517,2306,19.271744499914348
SNN_direct,3,42,19,3,5,76,61,0.22180909437244925,1.3858455419540405,0.7942857142857143,1.0,5,1.3881655814912581,0.5454130957114487,0.7932399626517274,1.0,0.3083418781558673,2306,16.98579840012826
SNN_direct,3,314,19,3,5,44,29,0.26426786367061006,1.4314857721328735,0.8,0.9942857142857142,5,1.434474509601611,0.6838514826937167,0.7987861811391224,0.9941176470588236,0.2997603341937065,2306,9.855307299876586
SNN_direct,3,2718,19,3,5,67,52,0.2381146225598187,1.454226016998291,0.7942857142857143,0.9971428571428571,5,1.4568727197923133,0.6486295419735619,0.7932492997198879,0.9970588235294118,0.3038897017637889,2306,15.127427600091323
SNN_direct,4,42,19,3,5,112,97,0.06187111944187477,1.7545249462127686,0.7613636363636364,0.8914772727272727,5,1.7531380097071327,1.0600615924095218,0.7622222222222222,0.8914285714285715,0.3214921063433091,2306,25.156145500019193
SNN_direct,4,314,19,3,5,59,44,0.0672604138458458,1.7518119812011719,0.7443181818181818,0.8829545454545455,5,1.7501084793181647,1.0182160836674294,0.7452380952380954,0.8828571428571429,0.3103234836210807,2306,13.264809999847785
SNN_direct,4,2718,19,3,5,90,75,0.07940136243719496,1.732862949371338,0.7670454545454546,0.8943181818181818,5,1.7325500900783237,0.9280189593883114,0.7676190476190476,0.8942857142857144,0.3095384395370881,2306,20.333308900007978
SNN_direct,5,42,19,3,5,72,57,0.11886299874172282,0.6424954533576965,0.9485714285714286,1.0,5,0.6424954877580916,0.10785590773375679,0.9485714285714286,1.0,0.3113066504398982,2306,16.283636800013483
SNN_direct,5,314,19,3,5,57,42,0.1257247647049664,0.8749563097953796,0.9257142857142857,1.0,5,0.8749562617710659,0.12006381199966057,0.9257142857142858,1.0,0.30664148430029553,2306,12.729581499937922
SNN_direct,5,2718,19,3,5,58,43,0.1207252768339273,0.8335326910018921,0.9085714285714286,1.0,5,0.8335326521737235,0.1993981704162704,0.9085714285714286,1.0,0.30176886171102524,2306,13.039104599971324
SNN_signed_rate,1,42,18,3,6,46,31,0.06665591849494332,1.8036772012710571,0.7476190476190476,0.9904761904761905,6,1.7977350937848964,0.9961951711441993,0.7489106753812637,0.990542328042328,0.2974194162421756,2690,10.307933800155297
SNN_signed_rate,1,314,18,3,6,51,36,0.08573600162400913,1.9526108503341675,0.7380952380952381,0.9904761904761905,6,1.9463114936070538,0.9744271263189671,0.739246809835045,0.990542328042328,0.3048038462797801,2690,11.83767639985308
SNN_signed_rate,1,2718,18,3,6,53,38,0.09737768510125891,1.980519413948059,0.7428571428571429,0.9880952380952381,6,1.9728424238038145,1.0128684311565102,0.7438920012449425,0.9882275132275132,0.2994983573754629,2690,14.01108460011892
SNN_signed_rate,2,42,18,3,6,59,44,0.026965637933711796,1.4292004108428955,0.8009478672985783,0.9166666666666667,6,1.4395148639845174,0.8219098022621606,0.7995098039215686,0.9166666666666666,0.29275144735972086,2690,13.268773900112137
SNN_signed_rate,2,314,18,3,6,84,69,0.03651117097572482,1.4501032829284668,0.7962085308056872,0.9166666666666667,6,1.4573022542324834,0.6904137765293106,0.7954170557111734,0.9166666666666666,0.302396872970793,2690,19.161654399940744
SNN_signed_rate,2,2718,18,3,6,90,75,0.031476535086985676,1.3837401866912842,0.8341232227488151,0.9333333333333333,6,1.3934790325617443,0.7370907576858284,0.8325708061002178,0.9333333333333332,0.30303545859124925,2690,20.877531100064516
SNN_signed_rate,3,42,19,3,5,55,40,0.19945985496181806,1.3823559284210205,0.8114285714285714,0.9971428571428571,5,1.3829181734542775,0.7381099806750414,0.8108870214752567,0.9970588235294118,0.2971883149196704,2690,13.216578099876642
SNN_signed_rate,3,314,19,3,5,44,29,0.27229753172944693,1.4103870391845703,0.8171428571428572,0.9971428571428571,5,1.4135434220863434,0.5263782529770484,0.8160971055088704,0.9970588235294118,0.30538642158110935,2690,10.558568599866703
SNN_signed_rate,3,2718,19,3,5,61,46,0.203145589050749,1.4153690338134766,0.8057142857142857,0.9942857142857142,5,1.418194349219485,0.5975698451541673,0.80468720821662,0.9941176470588236,0.3063633901377519,2690,14.676770699908957
SNN_signed_rate,4,42,19,3,5,70,55,0.08108811414199105,1.6776715517044067,0.7727272727272727,0.8857954545454545,5,1.6785076955765015,0.9889721936383978,0.7733333333333333,0.8857142857142858,0.3109691012650728,2690,16.900787699967623
SNN_signed_rate,4,314,19,3,5,36,21,0.0826575341510276,1.732479214668274,0.7727272727272727,0.897159090909091,5,1.7331819668270292,0.9946623030389177,0.7728571428571429,0.8971428571428571,0.30094184043506783,2690,10.168649500003085
SNN_signed_rate,4,2718,19,3,5,72,57,0.08728234452752597,1.6205013990402222,0.7443181818181818,0.897159090909091,5,1.6193807705621872,0.9311379732828348,0.7447619047619047,0.8971428571428571,0.29918240010738373,2690,17.13626109994948
SNN_signed_rate,5,42,19,3,5,40,25,0.12994996824331068,0.6702284216880798,0.9657142857142857,1.0,5,0.6702283695765904,0.1484063829107541,0.9657142857142856,1.0,0.2930250366528829,2690,9.590685399947688
SNN_signed_rate,5,314,19,3,5,33,18,0.11174175431647297,0.7939051985740662,0.9142857142857143,1.0,5,0.7939052091326033,0.050648869004216494,0.9142857142857143,1.0,0.29654794310530025,2690,8.018977700034156
SNN_signed_rate,5,2718,19,3,5,57,42,0.14016291511927456,0.7582259774208069,0.96,1.0,5,0.7582259614127023,0.2019393775037958,0.96,1.0,0.29055564540127915,2690,13.694612900028005
SNN_delta_event,1,42,18,3,6,36,21,0.07009786695787376,1.805851697921753,0.7428571428571429,0.9904761904761905,6,1.800540011770585,1.0002806700719187,0.7441487706193589,0.990542328042328,0.29476746585634017,2690,8.1748582997825
SNN_delta_event,1,314,18,3,6,36,21,0.08826683594935177,1.930651307106018,0.7333333333333333,0.9928571428571429,6,1.9235478727089592,1.05700223500911,0.7350295673825086,0.9929232804232804,0.31137761539883085,2690,8.0887201000005
SNN_delta_event,1,2718,18,3,6,51,36,0.09277090376486706,1.9760903120040894,0.719047619047619,0.9904761904761905,6,1.9674773915400952,0.9981153073957663,0.7208761282290695,0.990542328042328,0.2989847309059567,2690,11.45210719993338
SNN_delta_event,2,42,18,3,6,48,33,0.024078620325147217,1.3991659879684448,0.7962085308056872,0.9166666666666667,6,1.4101990068919779,0.8169549952565195,0.7944677871148459,0.9166666666666666,0.29294206334484946,2690,10.794177700066939
SNN_delta_event,2,314,18,3,6,84,69,0.029408275936027323,1.4198640584945679,0.8199052132701422,0.9166666666666667,6,1.4249075819575598,0.5499390376720069,0.8196389666977902,0.9166666666666666,0.30805592603153653,2690,19.36841840017587
SNN_delta_event,2,2718,18,3,6,105,90,0.02383796674252851,1.3672832250595093,0.8388625592417062,0.9333333333333333,6,1.3771280354292934,0.6811918917797888,0.8370681605975724,0.9333333333333332,0.3064811514483558,2690,23.63148589991033
SNN_delta_event,3,42,19,3,5,55,40,0.19708150551737133,1.2974317073822021,0.8285714285714286,0.9971428571428571,5,1.2982509496966663,0.746673433830314,0.828048552754435,0.9970588235294118,0.2979635962595542,2690,13.047392099862918
SNN_delta_event,3,314,19,3,5,54,39,0.27538932488235474,1.3398927450180054,0.84,0.9942857142857142,5,1.3430530365642046,0.5554227967665533,0.839140989729225,0.9942016806722689,0.3175221085548401,2690,13.093973000068218
SNN_delta_event,3,2718,19,3,5,61,46,0.19737835845360885,1.364799976348877,0.7885714285714286,0.9971428571428571,5,1.3679303104425569,0.6071030700663648,0.7872082166199813,0.9970588235294118,0.30752590609093505,2690,14.893904500175267
SNN_delta_event,4,42,19,3,5,70,55,0.08115907280162597,1.6722190380096436,0.7727272727272727,0.8886363636363637,5,1.672548353028676,0.9555322632155122,0.7734920634920636,0.8885714285714286,0.31447197776287794,2690,16.786672600079328
SNN_delta_event,4,314,19,3,5,36,21,0.08214341152193291,1.693953275680542,0.7784090909090909,0.897159090909091,5,1.69447231323,0.9825969423633628,0.7784126984126984,0.8971428571428571,0.31097208708524704,2690,8.542634499957785
SNN_delta_event,4,2718,19,3,5,59,44,0.0887524424686784,1.6325008869171143,0.7443181818181818,0.9,5,1.6308866582598007,0.9136758626438011,0.744920634920635,0.9,0.29738484757641953,2690,14.421430099988356
SNN_delta_event,5,42,19,3,5,38,23,0.13417602005596244,0.6552881002426147,0.9714285714285714,1.0,5,0.6552881022862025,0.10653539238516689,0.9714285714285715,1.0,0.2929398740331332,2690,9.259018200216815
SNN_delta_event,5,314,19,3,5,40,25,0.11396176302038227,0.7669619917869568,0.92,1.0,5,0.7669620704650879,0.13199549019814785,0.9199999999999999,1.0,0.30886592033008736,2690,9.83318329998292
SNN_delta_event,5,2718,19,3,5,57,42,0.14109026685379059,0.7800929546356201,0.96,1.0,5,0.7800929614475796,0.16256311903398044,0.96,1.0,0.2930401060730219,2690,13.793273700168356
